court_name,case_id,topic
KS Banská Bystrica,14Co/371/2012,Zmluvy
KS Banská Bystrica,14CoCsp/30/2021,Zmluvy
KS Banská Bystrica,16Co/368/2014,Zmluvy
KS Banská Bystrica,35Cbi/59/2006,Zmluva o dielo
KS Banská Bystrica,41Cob/13/2020,Bezdôvodné obohatenie
KS Banská Bystrica,41Cob/154/2013,Iné
KS Banská Bystrica,41Cob/155/2018,
KS Banská Bystrica,41Cob/256/2016,Obchodné záväzkové vzťahy
KS Banská Bystrica,41Cob/3/2025,Ostatné
KS Banská Bystrica,41Cob/31/2022,Bezdôvodné obohatenie
KS Banská Bystrica,41Cob/42/2010,
KS Banská Bystrica,41Cob/42/2010,Obchodné záväzkové vzťahy
KS Banská Bystrica,41Cob/73/2023,Bezdôvodné obohatenie
KS Banská Bystrica,42Cob/18/2023,Obchodné záväzkové vzťahy
KS Banská Bystrica,42Cob/51/2024,Ostatné
KS Banská Bystrica,42Cob/94/2024,Obchodné záväzkové vzťahy
KS Banská Bystrica,43Cob/130/2013,Zmluva o dielo
KS Banská Bystrica,43Cob/20/2016,Ostatné
KS Banská Bystrica,43Cob/30/2023,Ostatné
KS Banská Bystrica,43Cob/513/2014,Obchodné záväzkové vzťahy
KS Banská Bystrica,43Cob/53/2023,Náhrada škody
KS Banská Bystrica,43Cob/75/2024,Obchodné záväzkové vzťahy
KS Banská Bystrica,43CoE/215/2015,Exekúcia a výkon rozhodnutí
KS Banská Bystrica,43CoPv/10/2023,Ostatné
KS Bratislava,13Cbi/38/2004,
KS Bratislava,1Cob/117/2020,Obchodné záväzkové vzťahy
KS Bratislava,1Cob/130/2019,Obchodné záväzkové vzťahy
KS Bratislava,1Cob/187/2015,Ostatné
KS Bratislava,1Cob/287/2014,Ostatné
KS Bratislava,1Cob/298/2015,Obchodné záväzkové vzťahy
KS Bratislava,1Cob/40/2018,Obchodné záväzkové vzťahy
KS Bratislava,1Cob/47/2022,Obchodné záväzkové vzťahy
KS Bratislava,1Cob/93/2016,Zmluva o dielo
KS Bratislava,1CoZm/36/2016,Zmenky
KS Bratislava,1CoZm/72/2015,Zmenky
KS Bratislava,2Co/380/2011,Zmluva o dielo
KS Bratislava,2Cob/140/2023,Ostatné
KS Bratislava,2Cob/186/2017,Zmluva o dielo
KS Bratislava,2Cob/294/2011,Kúpna zmluva
KS Bratislava,2Cob/33/2021,Zmluva o dielo
KS Bratislava,2Cob/344/2016,Zmluva o dielo
KS Bratislava,2Cob/38/2016,Zmluva o dielo
KS Bratislava,2Cob/60/2023,Ostatné
KS Bratislava,2Cob/69/2020,Ostatné
KS Bratislava,2Cob/82/2015,Ostatné
KS Bratislava,2CoKR/71/2013,Incidenčné spory
KS Bratislava,2CoR/11/2019,Ostatné
KS Bratislava,3Cob/122/2018,Obchodné záväzkové vzťahy
KS Bratislava,3Cob/183/2016,Obchodné záväzkové vzťahy
KS Bratislava,3Cob/26/2021,Zmluva o dielo
KS Bratislava,3Cob/387/2013,Ostatné
KS Bratislava,3Cob/464/2012,Zmluva o dielo
KS Bratislava,3Cob/94/2018,Ostatné
KS Bratislava,4Cob/16/2018,Ostatné
KS Bratislava,4Cob/204/2018,Ostatné
KS Bratislava,4Cob/216/2015,Zmluva o dielo
KS Bratislava,4Cob/57/2015,Obchodné záväzkové vzťahy
KS Bratislava,4CoZm/2/2018,Zmenky
KS Bratislava,4CoZm/3/2020,Zmenky
KS Bratislava,5Co/246/2014,Zodpovednosť za škodu
KS Bratislava,5Co/68/2015,Ostatné
KS Bratislava,5Cob/216/2024,Ostatné
KS Bratislava,5Cob/51/2023,Ostatné
KS Bratislava,8Co/332/2012,Zmluva o dielo
KS Košice,2Cob/153/2014,Obchodné záväzkové vzťahy
KS Košice,2Cob/174/2011,Zmluva o dielo
KS Košice,2Cob/216/2013,Obchodné záväzkové vzťahy
KS Košice,2Cob/35/2015,Obchodné záväzkové vzťahy
KS Košice,3Cob/116/2021,Obchodné záväzkové vzťahy
KS Košice,3Cob/219/2023,Bezdôvodné obohatenie
KS Košice,3Cob/224/2014,Zmluva o dielo
KS Košice,3Cob/239/2012,Obchodné záväzkové vzťahy
KS Košice,3Cob/41/2013,Obchodné záväzkové vzťahy
KS Košice,4Cob/116/2023,Obchodné záväzkové vzťahy
KS Košice,4Cob/12/2024,Obchodné záväzkové vzťahy
KS Košice,4Cob/122/2011,Obchodné spoločnosti
KS Košice,4Cob/144/2015,Obchodné spoločnosti
KS Košice,4Cob/148/2022,Obchodné záväzkové vzťahy
KS Košice,4Cob/149/2022,Obchodné záväzkové vzťahy
KS Košice,4Cob/181/2023,Zmluva o dielo
KS Košice,4Cob/196/2023,Bezdôvodné obohatenie
KS Košice,4Cob/35/2023,Obchodné záväzkové vzťahy
KS Košice,4Cob/55/2024,Zmluva o dielo
KS Košice,4Cob/77/2017,Predbežné opatrenia
KS Košice,4Cob/95/2012,Ostatné
KS Nitra,12Co/49/2017,Spotrebiteľské zmluvy
KS Nitra,12CoCsp/44/2022,Ostatné
KS Nitra,15Cob/16/2012,Ostatné
KS Nitra,15Cob/25/2021,Ostatné
KS Nitra,15Cob/31/2019,Zmluva o dielo
KS Nitra,15Cob/7/2013,Ostatné
KS Nitra,15Cob/70/2022,Ostatné
KS Nitra,25Co/896/2015,Ostatné
KS Nitra,26Cob/135/2012,Obchodné záväzkové vzťahy
KS Nitra,26Cob/22/2018,Ostatné
KS Nitra,26Cob/28/2017,Obchodné záväzkové vzťahy
KS Nitra,26Cob/39/2012,Obchodné záväzkové vzťahy
KS Nitra,26Cob/52/2016,Zmluva o dielo
KS Nitra,26Cob/54/2019,Zmluva o dielo
KS Nitra,26Cob/69/2014,Iné
KS Nitra,26Cob/87/2013,Obchodné záväzkové vzťahy
KS Nitra,26CoKR/5/2016,Ostatné
KS Prešov,15Co/37/2019,Spotrebiteľské zmluvy
KS Prešov,1Cob/20/2012,Zmluva o úvere
KS Prešov,2Cob/28/2020,Zmluva o dielo
KS Prešov,2Cob/37/2013,Obchodné záväzkové vzťahy
KS Prešov,3Cob/3/2012,Zmluva o úvere
KS Prešov,3Cob/45/2011,
KS Prešov,3Cob/46/2018,Ostatné
KS Prešov,3Cob/53/2011,
KS Prešov,3Cob/57/2016,Ostatné
KS Prešov,4Cob/2/2017,Obchodné záväzkové vzťahy
KS Prešov,4Cob/62/2020,Zmluva o dielo
KS Prešov,4Cob/83/2011,Zmluva o dielo
KS Prešov,4Cob/84/2020,Zmluva o úvere
KS Prešov,5Cob/11/2022,Ostatné
KS Prešov,5Cob/93/2016,Ostatné
KS Prešov,6Cob/18/2017,Obchodné záväzkové vzťahy
KS Prešov,6Cob/59/2018,Zmluva o dielo
KS Prešov,6CoZm/1/2019,Zmenky
KS Prešov,7Cob/44/2014,Obchodné záväzkové vzťahy
KS Prešov,7Cob/61/2022,Iné
KS Prešov,7Cob/64/2013,Iné
KS Trenčín,16Cob/11/2011,Kúpna zmluva
KS Trenčín,16Cob/112/2013,Ostatné
KS Trenčín,16Cob/67/2012,Ostatné
KS Trenčín,16Cob/78/2013,Ostatné
KS Trenčín,17Co/349/2015,Spotrebiteľské zmluvy
KS Trenčín,4Co/346/2015,Ostatné
KS Trenčín,5Co/3/2022,Ostatné
KS Trenčín,6Co/52/2011,Zmluvy
KS Trenčín,6Co/65/2013,Iné
KS Trenčín,8Cob/11/2022,"Obchodné záväzkové vzťahy, Náhrada škody"
KS Trenčín,8Cob/112/2021,Obchodné záväzkové vzťahy
KS Trenčín,8Cob/200/2011,Obchodné záväzkové vzťahy
KS Trenčín,8Cob/258/2014,Zmluva o dielo
KS Trenčín,8Cob/38/2012,Ostatné
KS Trenčín,8Cob/51/2022,Obchodné záväzkové vzťahy
KS Trenčín,8Cob/64/2011,Iné
KS Trenčín,8Cob/74/2011,Ostatné
KS Trenčín,8Cob/82/2011,Ostatné
KS Trnava,10Co/1/2016,Zmluvy
KS Trnava,21Cob/109/2020,Obchodné spoločnosti
KS Trnava,21Cob/11/2020,Obchodné záväzkové vzťahy
KS Trnava,21Cob/41/2011,Ostatné
KS Trnava,21Cob/43/2019,Obchodné záväzkové vzťahy
KS Trnava,24CoCsp/26/2023,Ostatné
KS Trnava,31Cob/104/2020,Obchodné záväzkové vzťahy
KS Trnava,31Cob/128/2020,Obchodné záväzkové vzťahy
KS Trnava,31Cob/19/2018,Ostatné
KS Trnava,31Cob/64/2011,Ostatné
KS Trnava,31CoZm/4/2022,Obchodné záväzkové vzťahy
KS Trnava,32Cob/3/2021,Obchodné záväzkové vzťahy
KS Trnava,32Cob/34/2022,Ostatné
KS Žilina,11Co/20/2018,Zmluvy
KS Žilina,11Co/272/2017,Zmluvy
KS Žilina,13Cob/128/2017,Ostatné
KS Žilina,13Cob/196/2015,Zmluva o dielo
KS Žilina,13Cob/323/2012,Ostatné
KS Žilina,13Cob/53/2016,Ostatné
KS Žilina,13Cob/7/2017,Ostatné
KS Žilina,14Cob/109/2017,Ostatné
KS Žilina,14Cob/124/2012,Ostatné
KS Žilina,14Cob/132/2019,Ostatné
KS Žilina,14Cob/150/2020,Ostatné
KS Žilina,14Cob/202/2019,Ostatné
KS Žilina,14Cob/21/2019,Ostatné
KS Žilina,14Cob/85/2021,Ostatné
NS SR,1Cdo/85/2023,Ostatné
NS SR,1Obdo/66/2018,33 111 eur s prísl.
NS SR,1Obdo/7/2020,"5 113,19 eur s prísl."
NS SR,1Obdo/72/2019,10 000 eur s prísl.
NS SR,1Obdo/80/2022,1 000 eur s prísl.
NS SR,1Obdo/84/2021,2 400 eur s prísl.
NS SR,2 Cdo 172/2007,"o zaplatenie 775 000,- Sk"
NS SR,2 Obdo 46/2010,"o zaplatenie 31 099,38 Eur s prísl."
NS SR,2Obdo/14/2016,"96 846,02 eur"
NS SR,2Obdo/25/2023,"569,89 eur s prísl."
NS SR,2Obdo/57/2021,"náhradu škody 322 507,55 eur s prísl."
NS SR,3Obdo/11/2019,"9 616,52 eur s prísl."
NS SR,4 Cdo 148/2010,"o 5 311,02 Eur s príslušenstovm"
NS SR,4 Cdo 222/2005,o zaplatenie zmluvnej pokuty
NS SR,4 MObdo 8/2011,
NS SR,4 Obo 210/2007,"o zaplatenie 4 633 185,80 Sk"
NS SR,4MObdo 8/11,"o zapl. 7 966,54 eur s prísl."
NS SR,4Obdo/108/2019,5 600 eur s prísl.
NS SR,4Obdo/38/2020,500 000 eur s prísl.
NS SR,4Obdo/50/2018,"177 622,31 eur s prísl."
NS SR,4Obdo/96/2021,Obchodné záväzkové vzťahy
NS SR,4Obo/24/2015,"89 387,41 eur s prísl."
NS SR,5 Obdo 10/2007,zaplatenie sumy
NS SR,5 Obdo 38/2009,"o zaplatenie 6 299,46 Eur s prísl."
NS SR,5Obdo/14/2023,500 000 eur s prísl.
NS SR,5Obdo/76/2020,"4 231,95 eur zo zmenky s prísl."
NS SR,6 Obdo 40/2009,"o zaplatenie 3 020,65 Eur (91 000,-- Sk)"
NS SR,6 Obdo 5/2009,"o zaplatenie 1 245 222,-- Sk s prísl."
NS SR,6Obdo 22/08,o zaplatenie 2.666.093 Sk s prísl.
NS SR,6Obo 25/08,"o zaplatenie 22.253,16 EUR s prísl."
ÚS SR,I. ÚS 266/06,"pre neopodstatnenosť, porušovanie Ústavy - preskúmanie rozhodnutia súdov"
ÚS SR,I. ÚS 56/2017,
ÚS SR,II. ÚS 337/08,"pre neopodstatnenosť, porušovanie Ústavy - preskúmanie rozhodnutia súdov"
ÚS SR,III. ÚS 519/2017,
