id|spisova_znacka|datum_vydania|sudca|kolegium|merito|najdeny_kontext_301|cesta_k_pdf|url_na_web
238345|5Obdo/14/2023|2024-04-25|JUDr. Andrea Moravčíková|2|500 000 eur s prísl.| ohľadom pravosti tejto listiny.  7. Súd prvej inštancie sa stotožnil so záverom znaleckého posudku Ing. M., ohľadne uplatneného opčného kontraktu, že tento nebol uplatnený platne. S poukazom na ust. § 301 zák. č. 513/1991 Zb. Obchodný zákonník v platnom znení (ďalej aj „ObZ“) a na vykonané dokazovanie dospel k záveru, že zmluvnými stranami dohodnutá zmluvná pokuta nie je neprimerane vysoká, vzhľadom n|rozhodnutia_301_pdf/238345_5Obdo_14_2023.pdf|https://www.nsud.sk3fd/752730.d5c13d.pdf
236208|2Obdo/25/2023|2023-12-14|JUDr. Beáta Miničová|2|569,89 eur s prísl.|il súdu prvej inštancie na ďalšie konanie. V zrušujúcom uznesení odvolací súd uložil súdu prvej inštancie povinnosť, aby posúdil zmluvnú pokutu uplatnenú žalobkyňou vo výške 461,66 eura aj podľa ust. § 301 zákona č. 513/1991 Zb. Obchodného zákonníka v znení neskorších predpisov (ďalej len „ObZ“). V ďalšom konaní mal podľa odvolacieho súdu okresný súd vec opätovne prejednať a vo veci rozhodnúť rozsudkom|rozhodnutia_301_pdf/236208_2Obdo_25_2023.pdf|https://www.nsud.skea9/733860.d26eb1.pdf
233956|2Obdo/31/2022|2023-05-30|JUDr. Beáta Miničová|2|zrušenie zápisu údajov do obchodného registra|dostatok procesnej podmienky, ktorý nemožno odstrániť, súd konanie zastaví (§ 161 ods. 2 CSP). 16. Podľa ust. § 7 ods. 1 CMP, účastníkom je ten, koho tento zákon za účastníka označuje. 17. Podľa ust. § 301 ods. 1 CMP, účastníkom konania o zrušenie zápisu údajov do obchodného registra je navrhovateľ, zapísaná osoba a osoba, ktorej údajov sa návrh týka. 18. Podľa ust. § 61 CSP, má procesnú subjektivitu t|rozhodnutia_301_pdf/233956_2Obdo_31_2022.pdf|https://www.nsud.sk620/702544.27078c.pdf
219818|5MObdo/1/2015|2015-10-28|JUDr. Darina Ličková|2|102 901,15 eur s prísl.|ds. 1, 2, § 548 ods. 1 Obchodného zákonníka, ust. § 41, § 37 ods. 1, § 39, § 35 ods. 3 Občianskeho zákonníka, ďalej ust. § 1  ods. 2 Obchodného zákonníka, ust. § 544 ods. 1, 2 Občianskeho zákonníka a § 301 Obchodného zákonníka. Poukázal na znenie článku V. bod 3, 4 predmetnej zmluvy, ďalej  na ust. § 302, § 344, § 351 ods. 1, 2, § 365, § 369 ods. 1, 2 Obchodného zákonníka  a vzhľadom na zistené skutočn|rozhodnutia_301_pdf/219818_5MObdo_1_2015.pdf|https://www.nsud.skd3b/610902.0b4273.pdf
217585|4Obdo/61/2020|2021-11-30|JUDr. Lenka Praženková|2|7 262,78 eur s prísl.|ý Občiansky zákonník“). 7.  Vzhľadom na vyššie uvedené skutočnosti a citované zákonné ustanovenia (§ 1 ods. 1, § 205 ods.1, § 219 ods. 1, 2, § 220 ods. 2, § 365 ods. 1, § 296 ods. 1, 2, § 298 ods. 1, § 301/A ods. 2 a ods. 3 Maďarského Občianskeho zákonníka ako aj § 147 ods. 2 CSP) súd prvej inštancie doplnil dokazovanie v zmysle zrušujúceho rozhodnutia Krajského súdu v Košiciach a mal za preukázané, že|rozhodnutia_301_pdf/217585_4Obdo_61_2020.pdf|https://www.nsud.skd59/642745.305f9d.pdf
216579|4Obdo/29/2021|2022-01-28|JUDr. Alena Priecelová|2|115 903,10 eur s prísl.|892900019, č. 3892900065, č. 3892900153, č. 3892900210 a č. 3892900220. 3. Súd prvej inštancie vec právne posúdil podľa § 536, § 537 ods. 1, 2, § 546 ods. 1, § 548 ods. 1, § 554 ods. 1, § 558, § 364, § 301 Obchodného zákonníka (ďalej len „ObchZ“), upravujúcich povinnosti zhotoviteľa a objednávateľa diela, započítanie pohľadávok a zmluvnú pokutu), súčasne poukazom na článok VI. bod 2 písm. a/ zmluvy o d|rozhodnutia_301_pdf/216579_4Obdo_29_2021.pdf|https://www.nsud.sk14d/642422.696786.pdf
213160|2Obo/10/2012|2012-09-13||2|o zapatenie 234 428,79 Eur s prísl.|vo výške  20,11%.            Zmluvne dohodnutý úrok z  omeškania, ktorý predpokladá ust. § 369 ods.  1 Obch.   zák., nie je zmluvnou pokutou, a  preto nespadá pod moderačné právo súdu upravené ust.   § 301 Obch. zák.            Odvolací súd tiež zhodne so súdom prvého stupňa nezistil v dohodnutom úroku tak,   ako bol tento uplatnený, jeho rozpor so zásadami poctivého obchodného styku.                  |rozhodnutia_301_pdf/213160_2Obo_10_2012.pdf|https://www.nsud.sk51c/434726.b5c154.pdf
192285|2Obdo/46/2010|2011-09-27||2|o zaplatenie 31 099,38 Eur s prísl.|aný dodať žalobcovi a  ktorú v skutočnosti dodal (122  119 ton). Súd prvého stupňa dospel k  záveru, že v  danom prípade sú splnené podmienky pre  využitie tzv. moderačného práva v  zmysle ustanovení § 301 Obchodného zákonníka. Preto  s prihliadnutím na hodno tu a  význam zabezpečovanej povinnosti, keď vychádzal z  rozsahu  splnenej dodávky žalovaného v  prospech žalobcu ( cca 63 %) s  prihliadnutím na|rozhodnutia_301_pdf/192285_2Obdo_46_2010.pdf|https://www.nsud.skdfb/380705.fc6f4f.pdf
175642|4Obdo/108/2019|2021-05-31|JUDr. Gabriela Mederová|2|5 600 eur s prísl.|o strany žalovaného dodané. Nakoľko ale žalobca sám čiastočne zavinil omeškanie a uplatnená zmluvná pokuta bola neprimerane vysoká, súd pristúpil k moderácii tejto uplatnenej zmluvnej pokuty v zmysle § 301 Obchodného zákonníka. Žalobca tvrdil, že mu nefunkčnosťou web stránky vznikla veľká škoda, tým že nemohol klientom cez tento portál ponúkať a predávať dovolenkové pobyty. Žalobca uplatnenú zmluvnú po|rozhodnutia_301_pdf/175642_4Obdo_108_2019.pdf|https://www.nsud.sk57e/502035.2863e0.pdf
172740|2Ndob/18/2020|2021-04-29|JUDr. Beáta Miničová|2|abstraktnej kontrole v spotreb. veciach a NO| a § 15 ods. 1 C. s. p. Vzhľadom na obsah žaloby dospel k záveru, že v predmetnej veci absentuje základná a neopomenuteľná podmienka konania o abstraktnej kontrole v spotrebiteľských veciach v zmysle § 301 C. s. p., ktorou je nevyhnutná existencia spotrebiteľského vzťahu založeného na základe spotrebiteľskej zmluvy, prípadne so spotrebiteľskou zmluvou súvisiacimi iným dokumentami, ktorými žalobca vytýk|rozhodnutia_301_pdf/172740_2Ndob_18_2020.pdf|https://www.nsud.skbd0/695688.006860.pdf
158173|2Obdo/23/2015|2016-06-23|JUDr. Ivana Izakovičová|2|zaplatenie 190 900 eur s prísl.|ú, pretože sa nejedná o omeškanie s peňažným plnením, v zmysle ustanovenia § 369 ods. 1 Obchodného zákonníka. Ďalej súd prvého stupňa uviedol, že nemohol znížiť dohodnutú zmluvnú pokutu v zmysle ust. § 301 Obchodného zákonníka do výšky skutočnej škody, pretože za skutočnú škodu treba považovať dohodnutú výšku nájomného za prenajaté zariadenie, čo bolo 404 450 Eur za 126 dní nájmu, teda 3 209,92 Eur den|rozhodnutia_301_pdf/158173_2Obdo_23_2015.pdf|https://www.nsud.sk748/656640.05e93d.pdf
150053|3Ndob/14/2016|2017-01-23|JUDr. Ľubomíra Kúdelová|2|určenie nekalých obchodných praktík| novembra 2016 postúpil vec najvyššiemu súdu podľa § 43 ods. 2 C. s. p. z dôvodu, že s postúpením nesúhlasil, nakoľko predmetom konania je spor z abstraktnej kontroly v spotrebiteľských veciach podľa § 301 a nasl. C. s. p. a je daná kauzálna príslušnosť Krajského súdu v Košiciach podľa § 31 ods. 1 písm. c/ C. s. p.. 3. Najvyšší súd Slovenskej republiky prejednal nesúhlas s postúpením veci v zmysle ust.|rozhodnutia_301_pdf/150053_3Ndob_14_2016.pdf|https://www.nsud.skcb9/582670.9061fa.pdf
148045|5Obdo/63/2016|2017-04-25|JUDr. Darina Ličková|2|zaplatenie 60 000-UDS a 270 000 eur s príl.|u uhradil, môže si túto škodu vymáhať od spoločnosti WTCC z titulu bezdôvodného obohatenia. Taktiež vzhľadom na všetky okolnosti prípadu odvolací súd nevzhliadol dôvod použiť moderačné právo v zmysle § 301 Obchodného zákonníka. 15. Odvolací súd taktiež dospel k záveru, že nie je opodstatnená ani námietka žalovaného ako odvolateľa týkajúca sa nedostatočného odôvodnenia písomného vyhotovenia rozsudku okr|rozhodnutia_301_pdf/148045_5Obdo_63_2016.pdf|https://www.nsud.skc0a/650216.130f61.pdf
140008|1Obdo/40/2017|2018-01-30|JUDr. Jana Hullová|2|29 274,36 eur s prísl.|sle uzavretej zmluvy o dielo. Súdom prvej inštancie priznanú zmluvnú pokutu vo výške 21 443,27 eur odvolací súd len znížil (modifikoval) v prospech žalovaného, uplatniac moderačné právo v zmysle ust. § 301 Obch. zákonníka. Keďže v posudzovanom prípade nebolo potrebné zopakovať alebo doplniť dokazovanie a v spore nebol zistený ani žiadny dôležitý verejný záujem, odvolací súd postupoval procesne správne,|rozhodnutia_301_pdf/140008_1Obdo_40_2017.pdf|https://www.nsud.sk5fe/645748.d51871.pdf
130236|3Obdo/11/2019|2019-07-17|JUDr. Ľubomíra Kúdelová|2|9 616,52 eur s prísl.|žalobcu proti výroku o zamietnutí žaloby v časti zmluvnej pokuty krajský súd skonštatoval, že sa v celom rozsahu stotožnil s odôvodnením rozsudku súdu prvej inštancie poukazujúc na znenie ustanovenia § 301 Obchodného zákonníka, ktoré umožňuje súdu znížiť zmluvnú pokutu. Podľa názoru odvolacieho súdu je rozhodnutie okresného súdu v tejto časti dostatočné, presvedčivé a logické, pričom zohľadňuje aj ustá|rozhodnutia_301_pdf/130236_3Obdo_11_2019.pdf|https://www.nsud.sk17a/522644.2bfce5.pdf
129949|5Obdo/27/2018|2019-07-30|JUDr. Anna Marková|2|138 252,66 eur s prísl.| dospel k záveru, že dohodnutá zmluvná pokuta nie je v rozpore s dobrými mravmi ani s poctivým obchodným stykom. Rovnako aj k žalovaným 1/ a 2/ uplatnenému návrhu na moderovanie zmluvnej pokuty podľa § 301 Obchodného zákonníka, súd prvej inštancie vyjadril zreteľným spôsobom svoje závery, keď mal za to, že nebolo možné hovoriť o neprimeranosti výšky dohodnutej zmluvnej pokuty vzhľadom na hodnotu a význ|rozhodnutia_301_pdf/129949_5Obdo_27_2018.pdf|https://www.nsud.sk961/522189.7e97d2.pdf
129667|3Obo/8/2019|2019-09-24|JUDr. Jana Veselá  Zemaníková|2|určenie nekalých obchodných praktík| ktoré by inak nebol urobil.  20.2. Zároveň odvolací súd uvádza, že nie je možné stotožňovať posudzovanie nekalých obchodných praktík v konaní o abstraktnej kontrole v spotrebiteľských zmluvách podľa § 301 a nasl. C.s.p. s vykonávaním dohľadu nad finančným trhom, ktorého vykonávanie podľa § 23 zákona o spotrebiteľských úveroch patrí do právomoci  Národnej banky Slovenska a nie do právomoci súdu v civil|rozhodnutia_301_pdf/129667_3Obo_8_2019.pdf|https://www.nsud.ska74/643800.6f7906.pdf
129456|1Obdo/66/2018|2019-09-25|JUDr. Jana Hullová|2|33 111 eur s prísl.|sti s uplatneným odvolacím dôvodom podľa ust. § 365 ods. 1 písm. h/ CSP, a to, že rozhodnutie súdu prvej inštancie vychádza z nesprávneho právneho posúdenia veci, poukázal na nesprávnu aplikáciu ust. § 301 zákona č. 513/1991 Zb. Obchodného zákonníka (ďalej aj ako „Obchodný zákonník“), keď súd prvej inštancie nepristúpil k uplatneniu moderačného práva vo vzťahu k neprimerane vysokej zmluvnej pokute, doh|rozhodnutia_301_pdf/129456_1Obdo_66_2018.pdf|https://www.nsud.sk254/643696.6f3769.pdf
129385|4Obdo/55/2018|2019-09-30|JUDr. Gabriela Mederová|2|27 873,76 eur s prísl.|  bol v omeškaní. Rozhodnutia, od ktorých sa mal odvolací súd podľa názoru dovolateľa odkloniť, sa však týkajú posúdenia primeranosti zmluvnej pokuty v nadväznosti na použitie moderačného práva podľa § 301 ObchZ (1 ObdoV 93/2004) a skúmania dojednania o zmluvnej pokute s dobrými mravmi v zmysle  § 39 OZ (2 Cdo/172/2007). Pokiaľ ide o rozhodnutie,  sp. zn. 6Cdo/13/2017, v jeho odôvodnení najvyšší súd vy|rozhodnutia_301_pdf/129385_4Obdo_55_2018.pdf|https://www.nsud.sk972/519838.3341bd.pdf
126625|5Obdo/16/2019|2020-04-28|JUDr. Andrea Moravčíková|2|6 278,52 eur s prísl.|vnou cenou. Súd prvej inštancie zaviazal žalovaného zároveň na v súlade so zákonom a zmluvou uplatnené úroky z omeškania a zmluvnú pokutu, pričom nezistil dôvody pre jej moderáciu postupom podľa ust. § 301 ObZ. K námietke neprimerane vysokej zmluvne dohodnutej ceny žalobcom poskytnutého plnenia uviedol, že toto v konaní nebolo preukázané a nebol preukázaný výkon práva žalobcu v rozpore so zásadami poct|rozhodnutia_301_pdf/126625_5Obdo_16_2019.pdf|https://www.nsud.sk2b2/513605.f32ab5.pdf
125184|1Obdo/72/2019|2020-09-29|JUDr. Jana Hullová|2|10 000 eur s prísl.|izovanej náhrady škody, súd prihliadol aj na výšku vzniknutej škody, ktorá v prejednávanom prípade bola 300 €. Na základe uvedeného súd prvej inštancie uplatnil moderačné oprávnenie podľa ustanovenia § 301 Obchodného zákonníka (ďalej aj „Obch. zák.“) a zmluvnú pokutu znížil o polovicu na sumu 5.000 € s tým, že ju možno považovať za dostatočne účinnú náhradu, odrádzajúcu od neplnenia zmluvných povinnost|rozhodnutia_301_pdf/125184_1Obdo_72_2019.pdf|https://www.nsud.sk7f1/508943.96a0fe.pdf
123984|4Obdo/38/2020|2020-07-30|JUDr. Alena Priecelová|2|500 000 eur s prísl.|na jej preskúmanie. Súd prvej inštancie sa stotožnil aj so záverom znaleckého posudku Ing. J. Škultétyho ohľadne uplatneného opčného kontraktu resp,, že nebol uplatnený platne. Súd s poukazom na ust. § 301 Obchodného zákonníka a na základe vykonaného dokazovania dospel k záveru, že zmluvnými stranami dohodnutá zmluvná pokuta nie je neprimerane vysoká, vzhľadom na výšku hodnoty dohodnutého obchodu,  nie|rozhodnutia_301_pdf/123984_4Obdo_38_2020.pdf|https://www.nsud.sk47e/638595.5923cf.pdf
122552|5Obdo/76/2020|2021-04-22|JUDr. Andrea Moravčíková|2|4 231,95 eur zo zmenky s prísl.|gového vzťahu. Teda obidve zmluvné pokuty uplatnené žalobcom v tomto konaní predstavovali škodu, ktorá žalobcovi vznikla z dôvodu predčasného ukončenia leasingu zavineného žalovanou, pričom  v zmysle § 301 Obchodného zákonníka môže súd neprimerane vysokú zmluvnú pokutu znížiť len do výšky škody, ktorá vznikla do doby súdneho rozhodnutia porušením zmluvnej povinnosti, na ktorú sa vzťahuje zmluvná pokuta|rozhodnutia_301_pdf/122552_5Obdo_76_2020.pdf|https://www.nsud.ska65/503228.5224fc.pdf
63273|o určenie neprijateľných zmluvných podmienok|2017-03-06||2||ienky v spotrebiteľskej zmluve alebo v iných zmluvných   2  3 Ndc 1/2017    dokumentoch súvisiacich so spotrebiteľskou zmluvou a  nekalé obchodné praktiky nezávisle  od okolností konkrétneho prípadu (§ 301 CSP). Žalobu o zač atie takého konania môže proti  dodávateľovi podať len právnická osoba založená alebo zriadená na ochranu spotrebiteľa  alebo orgán dohľadu podľa osobitného predpisu (§ 302 CSP).  |rozhodnutia_301_pdf/63273_o určenie neprijateľných zmluvných podmienok.pdf|https://www.nsud.sk14d/49438.c5de02.pdf
62291|o určenie kauzálnej príslušnosti|2016-11-30||2||enie  bezúročnosti  a bezpoplatkovosti konkrétneho úveru vyplývajúceho zo zmluvy uzatvorenej medzi žalobcom  a žalovanou), teda nie je naplnená požiadavka nezávislosti okolností konkrétneho prípadu  (§ 301  CSP). Následne poukázal na nesplnenie podmienky konania v  zmysle § 302 CSP, keďže návrh     na konanie o abstraktnej kontrole nepodal osobitne procesne legitimovaný subjekt a  podľa § 305  CSP  nem|rozhodnutia_301_pdf/62291_o určenie kauzálnej príslušnosti.pdf|https://www.nsud.skedf/48535.f272d2.pdf
61873|o určenie neplatnosti zmluvy o úvere|2017-01-23||2||nutia spolo čne nadriadenému súdu    na rozhodnutie o príslušnosti; ak ide o spor o miestnu príslušnosť, predloţí súdny spis svojmu  nadriadenému súdu. Týmto rozhodnutím sú súdy viazané.     7. Podľa § 301 ods. 1 C. s. p. k onanie o abstraktnej kontrole v spotrebiteľských  veciach je konanie, v ktorom súd skúma neprijateľnosť zmluvnej podmienky v spotrebiteľskej  zmluve alebo v iných zmluvných dokument|rozhodnutia_301_pdf/61873_o určenie neplatnosti zmluvy o úvere.pdf|https://www.nsud.sk78e/48133.30296c.pdf
61336|o určenie bezúročnosti a bezpoplatkovej zmluvy|2017-01-19||2||eľnosť zmluvnej podmienky v spotrebiteľskej zmluve alebo v iných zmluvných  dokumentoch súvisiacich so spotrebiteľskou zmluvou a  nekalé obchodné praktiky nezávisle  od okolností konkrétneho prípadu (§ 301 C SP). Žalobu o začatie takého  konania môže proti  dodávateľovi podať len právnická osoba založená alebo zriadená na ochranu spotrebiteľa  alebo orgán dohľadu podľa osobitného predpisu (§ 302 CSP). |rozhodnutia_301_pdf/61336_o určenie bezúročnosti a bezpoplatkovej zmluvy.pdf|https://www.nsud.skc97/47594.06b2e9.pdf
61272|určenie nekalých obchodných praktík|2017-01-23||1||ra 2016 postúpil vec najvyššiemu  súdu podľa § 43 ods.  2 C . s. p.  z dôvodu, že s  postúpením nesúhlasil, nakoľko predmetom  konania je spor z  abstraktnej kontroly v spotrebiteľských veciach podľa § 301 a  nasl. C. s. p.  a je daná kauzálna príslušnosť Krajského súdu v Košiciach podľa § 31 ods. 1 písm. c/ C. s. p..      3. Najvyšší súd Slovenskej republiky prejednal nesúhlas s postúpením veci v zmys|rozhodnutia_301_pdf/61272_určenie nekalých obchodných praktík.pdf|https://www.nsud.ska14/47530.0d77cc.pdf
61116|o miestnu príslušnosť|2016-10-27||2||odnením, že ide o  konanie                    o  abstraktnej  kontrole  v  spotrebiteľských  veciach,  v  ktorom  predmetom  skúmania  je  neprijateľnosť zmluvnej podmienky v  spotrebiteľskej zmluve (§ 301 CSP);  na konanie je  príslušný Krajský súd v Bratislave.     2. Krajský  súd  v  Bratislave  predložil  spor  vedený  pod  sp. zn.  12  C  1/2016  Najvyššiemu súdu Slovenskej republiky na rozhodnuti|rozhodnutia_301_pdf/61116_o miestnu príslušnosť.pdf|https://www.nsud.skff9/47373.249594.pdf
60367|dovolanie obvineného|2016-12-14||4||né ako proti mladi stvému a  napriek tomu bolo napadnuté rozhodnutie doručené len  obvinenému 26 . januára 2005 a  jeho obhajcovi 21. januára 2005. Aj keď neboli splnené  zákonné podmienky uvedené v  § 301 ods. 2 Tr. por. účinného do 31. decembra 2005  vymedzujúce kedy sa ustanoven ia o konaní proti mladistvému nepoužijú a  v posudzovanom  prípade sa tak nestalo, napadnutý rozsudok nebol doručený zákon|rozhodnutia_301_pdf/60367_dovolanie obvineného.pdf|https://www.nsud.sk779/46922.10b475.pdf
