id|typ_zhody|dovod_detail|spis|datum|sud|oblast|snippet|file
244005|SLOVNE|MATCH_STRICT_KEYWORDS|2Obdo/32/2024|2025-09-30||| právnych predpisov (ďalej len „Občiansky zákonník“) upravujúcim úžeru z dôvodu neprimeranosti výšky zmluvnej pokuty. 10. K námietke neplatnosti ručiteľských vyhlásení pre nedostatok súhlasu jedné|244005_SLOVNE_2Obdo_32_2024.pdf
241708|SLOVNE|MATCH_STRICT_KEYWORDS|1Obdo/64/2023|2025-02-26|||ovia s.r.o. ako hlavný dodávateľ predmetného diela. Žalovaná nepreukázala, že v primeranej lehote od 15. januára 2014, kedy sa dozvedela o uplatnenej zmluvnej pokute od spoločnosti Innovia s.r.o., že túto včas uplatnila aj u svojho obchodného pa|241708_SLOVNE_1Obdo_64_2023.pdf
240273|SLOVNE|MATCH_STRICT_KEYWORDS|4Obdo/40/2023|2024-10-31|||ustným konkurenčným konaním žalovaného ako obchodného zástupcu, avšak zároveň v neprimeranej miere neobmedzuje podnikateľskú činnosť žalovaného. 5. Žalobca si v zmysle čl. XIV. bod 14.1 predmetnej zmluvy uplatnil dohodnutú zmluvnú pokutu vo výške 1.000,-- eur v dôsledku porušenia zmluvnej povinnosti žalovaným, ktoré|240273_SLOVNE_4Obdo_40_2023.pdf
240234|PARAGRAF|MATCH_PARAGRAF_301|2ObdoK/5/2023|2024-10-24|||načka správcu S1510, správca dlžníka FeMaDa, s.r.o., 018 13 Papradno 511, IČO: 36 301 469, zastúpený Mgr. Róbert Galko, advokát, Jesenského 7713/12, 911 01 Trenčín, |240234_PARAGRAF_2ObdoK_5_2023.pdf
239942|SLOVNE|MATCH_STRICT_KEYWORDS|2Obdo/34/2023|2024-09-26|||zpore s poctivým obchodným stykom, dobrými mravmi a nebol dôvod ani na použitie moderačného práva súdu pokiaľ ide o primeranosť zmluvnej pokuty. V danom prípade bol zákaz konkurenčnej činnosti dojednaný na dobu 6 mesiacov a|239942_SLOVNE_2Obdo_34_2023.pdf
238345|PARAGRAF|MATCH_PARAGRAF_301|5Obdo/14/2023|2024-04-25|||atneného opčného kontraktu, že tento nebol uplatnený platne. S poukazom na ust. § 301 zák. č. 513/1991 Zb. Obchodný zákonník v platnom znení (ďalej aj „ObZ“) a na vy|238345_PARAGRAF_5Obdo_14_2023.pdf
237886|SLOVNE|MATCH_STRICT_KEYWORDS|2Obdo/52/2023|2024-03-28|||nej zmluvy vedel, že k uzavretiu realizačnej zmluvy nedôjde, čo znamená, že ani zmluvná pokuta vo výške 10 000 eur, ktorá by mala reprezentovať významnosť povinnosti, na ktorej splnení bezvýhradne žalovaný trval, nemôže byť primeraná. Žalovaný poprel tvrdenia žalobcu o tom, že na uzatvorenie budúcej zmluvy nebol|237886_SLOVNE_2Obdo_52_2023.pdf
236208|PARAGRAF|MATCH_PARAGRAF_301|2Obdo/25/2023|2023-12-14||| posúdil zmluvnú pokutu uplatnenú žalobkyňou vo výške 461,66 eura aj podľa ust. § 301 zákona č. 513/1991 Zb. Obchodného zákonníka v znení neskorších predpisov (ďalej|236208_PARAGRAF_2Obdo_25_2023.pdf
235703|PARAGRAF|MATCH_PARAGRAF_301|2Obdo/37/2022|2023-10-31|||jednaní musí byť určená výška pokuty alebo určený spôsob jej určenia. 68. Podľa § 301 ObZ, neprimerane vysokú zmluvnú pokutu môže súd znížiť s prihliadnutím na hodno|235703_PARAGRAF_2Obdo_37_2022.pdf
234689|SLOVNE|MATCH_STRICT_KEYWORDS|4Obdo/83/2021|2022-12-15|||oľvek faktúry, v bode 7.2 Zmluvy dohodli právo žalobcu uplatniť voči žalovanému zmluvnú pokutu vo výške 0,03 % z dlžnej čiastky za každý deň omeškania. Súd prvej inštancie mal za to, že sa nejedná o neprimerane vysokú zmluvnú pokutu, účastníci si predmetnú sankciu dohodli, žalovaný s dohod|234689_SLOVNE_4Obdo_83_2021.pdf
233956|PARAGRAF|MATCH_PARAGRAF_301|2Obdo/31/2022|2023-05-30||| CMP, účastníkom je ten, koho tento zákon za účastníka označuje. 17. Podľa ust. § 301 ods. 1 CMP, účastníkom konania o zrušenie zápisu údajov do obchodného registra |233956_PARAGRAF_2Obdo_31_2022.pdf
233884|PARAGRAF|MATCH_PARAGRAF_301|1Obdo/80/2022|2023-05-23|||o, že v posudzovanom prípade je potrebné uplatniť moderačné právo súdu v zmysle § 301 Obchodného zákonníka a neprimerane vysokú zmluvnú pokutu znížiť s ohľadom na ho|233884_PARAGRAF_1Obdo_80_2022.pdf
233538|PARAGRAF|MATCH_PARAGRAF_301|4Obdo/65/2022|2023-03-30||| 536, § 537 ods. 1, 2, § 546 ods. 1, § 548 ods. 1, § 554 ods. 1, § 558, § 364 a § 301 Obchodného zákonníka (ďalej len „ObchZ“), upravujúcich povinnosti zhotoviteľa a|233538_PARAGRAF_4Obdo_65_2022.pdf
220081|SLOVNE|MATCH_STRICT_KEYWORDS|4Obdo/95/2021|2022-10-31|||bcu, nerobil tak podľa žalovaného na základe tejto zmluvy. Žalovaný namietal aj neprimerane vysokú zmluvnú pokutu, ktorá je vo výške takmer 50 % z celkovej výšky plnenia za rok 2015 a takmer 10|220081_SLOVNE_4Obdo_95_2021.pdf
219818|PARAGRAF|MATCH_PARAGRAF_301|5MObdo/1/2015|2015-10-28|||. § 1 ods. 2 Obchodného zákonníka, ust. § 544 ods. 1, 2 Občianskeho zákonníka a § 301 Obchodného zákonníka. Poukázal na znenie článku V. bod 3, 4 predmetnej zmluvy, |219818_PARAGRAF_5MObdo_1_2015.pdf
218911|PARAGRAF|MATCH_PARAGRAF_301|1Obdo/84/2021|2022-09-27|||preskúmal, či sú naplnené podmienky moderácie zmluvnej pokuty podľa ustanovenia § 301 Obchodného zákonníka, ktorými sú najmä hodnota a význam zabezpečovanej povinnos|218911_PARAGRAF_1Obdo_84_2021.pdf
217585|PARAGRAF|MATCH_PARAGRAF_301|4Obdo/61/2020|2021-11-30|||spodárskych/obchodných spoločnostiach). Súd prvej inštancie tiež aplikoval ust. § 301A ods. 2, 3 Maďarského občianskeho zákonníka na posúdenie oprávnenosti úrokov z |217585_PARAGRAF_4Obdo_61_2020.pdf
217228|SLOVNE|MATCH_STRICT_KEYWORDS|4Obdo/30/2021|2022-04-29||| Dohodou o vzájomnom zápočte medzi zmluvnými stranami zo dňa 11.07.2017 bol dlh znížený o výšku 1.428,43 eur na výšku 9.200,45 eur. Jednostranným započítaním zo dňa 11.07.2017 žalovaným boli započítané jeho pohľadávky titulom zmluvnej pokuty vo výške 61.808,25 eur, ktoré mal voči pohľadávkam žalobcu vo výške 60.284,21 e|217228_SLOVNE_4Obdo_30_2021.pdf
217067|SLOVNE|MATCH_STRICT_KEYWORDS|2Obdo/57/2021|2022-05-31|||ne uzatvorenej zmluvy, nič nebránilo, aby žalovaný si zmluvne dohodnutú splatnú zmluvnú pokutu započítal voči splatným pohľadávkam žalobcu. Odvolací súd mal za to, že žalovaným vyúčtovaná zmluvná pokuta vo výške 20.000,- Eur nie je neprimeraná vzhľadom na závažnosť konania pracovníkov žalobcu, ktorí svojim protiprávnym ko|217067_SLOVNE_2Obdo_57_2021.pdf
216579|PARAGRAF|MATCH_PARAGRAF_301|4Obdo/29/2021|2022-01-28|||§ 536, § 537 ods. 1, 2, § 546 ods. 1, § 548 ods. 1, § 554 ods. 1, § 558, § 364, § 301 Obchodného zákonníka (ďalej len „ObchZ“), upravujúcich povinnosti zhotoviteľa a|216579_PARAGRAF_4Obdo_29_2021.pdf
215726|SLOVNE|MATCH_STRICT_KEYWORDS|4Obdo/10/2021|2021-11-30|||sporiadal s otázkami oprávnenosti, výšky, platnosti a nárokovateľnosti samotnej zmluvnej pokuty a úrokov z omeškania, ako ani s moderačným právom, poukázal na to, že s uvedenými argumentmi sa rozhodcovský súd vysporiad|215726_SLOVNE_4Obdo_10_2021.pdf
213708|SLOVNE|MATCH_STRICT_KEYWORDS|5Obo/60/2012|2013-09-19||| a niektoré nie. Žalovaný na svoju obranu uviedol, že výška zmluvnej sankcie je primeraná strate, ktorá nesplnením záväzku mu vznikla a súčasne nebola neprimeraná k výške obchodného imania C., a. s. a nepreukazuje primeranosť zmluvnej pokuty, ktorú na seba prevzal dlžník v čase uzavretia odporovateľného právneho úkonu. |213708_SLOVNE_5Obo_60_2012.pdf
213707|SLOVNE|MATCH_STRICT_KEYWORDS|5Obo/61/2012|2013-09-19||| a niektoré nie. Žalovaný na svoju obranu uviedol, že výška zmluvnej sankcie je primeraná strate, ktorá nesplnením záväzku mu vznikla a súčasne nebola neprimeraná k výške obchodného imania C., a. s. a nepreukazuje primeranosť zmluvnej pokuty, ktorú na seba prevzal dlžník v čase uzavretia odporovateľného právneho úkonu. |213707_SLOVNE_5Obo_61_2012.pdf
213574|SLOVNE|MATCH_STRICT_KEYWORDS|1ObdoV/9/2014|2015-10-28|||žalobca požičané od spriaznených subjektov na úrokovú mieru 12% p. a. a 73% pri zmluvnej pokute, sa prejavili znížením odčerpateľných zdrojov. Konajúci súd sa oboznámil so znaleckým posudkom č. 79/2|213574_SLOVNE_1ObdoV_9_2014.pdf
213160|PARAGRAF|MATCH_PARAGRAF_301|2Obo/10/2012|2012-09-13|||nie je zmluvnou pokutou, a preto nespadá pod moderačné právo súdu upravené ust. § 301 Obch. zák. Odvolací súd tiež zhodne so súdom prvého stupňa nezistil v dohodnuto|213160_PARAGRAF_2Obo_10_2012.pdf
213159|PARAGRAF|MATCH_PARAGRAF_301|2Obo/51/2012|2012-09-13|||nie je zmluvnou pokutou, a preto nespadá pod moderačné právo súdu upravené ust. § 301 Obch. zák. Odvolací súd tiež zhodne so súdom prvého stupňa nezistil v dohodnuto|213159_PARAGRAF_2Obo_51_2012.pdf
213071|SLOVNE|MATCH_STRICT_KEYWORDS|2ObdoV/10/2016|2016-11-29|||vy z dôvodu, ţe sa prieči dobrým mravom , sa súd nestotoţnil, pretoţe dohodnutá zmluvná pokuta neposkytovala a ani neposkytuje nájomcovi neprimeranú a neodôvodnenú výhodu. 3. Súd mal za to, ţe ţalobca ne účtoval a nevymáhal od ţ|213071_SLOVNE_2ObdoV_10_2016.pdf
213070|SLOVNE|MATCH_STRICT_KEYWORDS|2ObdoV/9/2016|2016-11-29|||vy z dôvodu, ţe sa prieči dobrým mravom , sa súd nestotoţnil, pretoţe dohodnutá zmluvná pokuta neposkytovala a ani neposkytuje nájomcovi neprimeranú a neodôvodnenú výhodu. 3. Súd mal za to, ţe ţalobca ne účtoval a nevymáhal od ţ|213070_SLOVNE_2ObdoV_9_2016.pdf
212877|SLOVNE|MATCH_STRICT_KEYWORDS|1ObdoV/13/2014|2015-11-26|||vetlil právne dôvody, pre ktoré ţalobe voči ţalo vanej 1/ bolo sčasti vyhovené. Primerane vysvetlil dôvody zmluvnej pokuty ako pohľadávky proti podstate a jednotlivé predpoklady zodpovednosti ţalovanej |212877_SLOVNE_1ObdoV_13_2014.pdf
212876|SLOVNE|MATCH_STRICT_KEYWORDS|1ObdoV/14/2014|2015-11-26|||vetlil právne dôvody, pre ktoré ţalobe voči ţalo vanej 1/ bolo sčasti vyhovené. Primerane vysvetlil dôvody zmluvnej pokuty ako pohľadávky proti podstate a jednotlivé predpoklady zodpovednosti ţalovanej |212876_SLOVNE_1ObdoV_14_2014.pdf
211950|PARAGRAF|MATCH_PARAGRAF_301|5Obdo/10/2006|2008-02-27|||o dohodu o zmluvnej pokute, takže by prichádzala do úvahy aplikácia ustanovenia § 301 ObZ. Preto, ak dovolací súd posúdi dovolanie žalobc u ako prípustné, navrhuje, |211950_PARAGRAF_5Obdo_10_2006.pdf
211770|SLOVNE|MATCH_STRICT_KEYWORDS|1ObdoV/119/2005|2008-01-31|||ospech koho je dohodnutá, aby si splnil zmluvnú povinnos ť, na ktorú je viazaná zmluvná pokuta. V danom prípade vzh ľadom na výšku zmluvnej pokuty 30% zo zmluvnej ceny, považoval zmlu vnú pokutu za primeranú. Nepriznal žalobcovi však ním uplatnený úrok z omeškania z kapitalizovaného úro|211770_SLOVNE_1ObdoV_119_2005.pdf
210224|PARAGRAF|MATCH_PARAGRAF_301|4Obdo/17/2016|2016-09-30|||okresný súd zaoberať obranou žalovaného s využitím moderačného oprávnenia podľa § 301 Obchodného zákonníka. 5. Okresný súd po vykonanom dokazovaní a aplikácii ust. §|210224_PARAGRAF_4Obdo_17_2016.pdf
209563|SLOVNE|MATCH_STRICT_KEYWORDS|2Obdo/101/2020|2021-06-23|||adávke žalobcu. 7.1. Súd prvej inštancie dospel k záveru, že stranami dojednaná zmluvná pokuta (jej výška) je celkom zjavne neprimerane vysoká, keďže žalovaným uplatnená výška zmluvnej pokuty predstavuje približne 3|209563_SLOVNE_2Obdo_101_2020.pdf
208613|SLOVNE|MATCH_STRICT_KEYWORDS|6Obo/221/2003|2012-10-30|||adávka navrhovateľa nebola v konkurze uspokojená, bude okrem splnenia podmienok zmluvnej pokuty, zaoberať aj primeranosťou jej výšky a tiež námietkou odporcu, že výkon tohto práva je v rozpore so zásada|208613_SLOVNE_6Obo_221_2003.pdf
206975|PARAGRAF|MATCH_PARAGRAF_301|5MObdo/1/2015|2015-10-27|||. § 1 ods. 2 Obchodného zákonníka, ust. § 544 ods. 1, 2 Občianskeho zákonníka a § 301 Obchodného zákonníka. Poukázal na znenie článku V. bod 3, 4 predmetnej zmluvy, |206975_PARAGRAF_5MObdo_1_2015.pdf
206974|PARAGRAF|MATCH_PARAGRAF_301|5MObdo/3/2014|2015-09-10|||ozíciu ţalobcu v prípade ú vah súdu o uplatnení jeho moderačného práva v zmysle § 301 Obchodného zákonníka. Súd však v energetickom odvetví a na potrebu zachovávania|206974_PARAGRAF_5MObdo_3_2014.pdf
203237|SLOVNE|MATCH_STRICT_KEYWORDS|4Obdo/27/2012|2013-01-31|||asť dreva podľa objednávky na tretí štvrťrok 2009 a nárok ţalobcu na zaplatenie zmluvnej pokuty podľa čl. XII., bod 12.2 je dôvodný. Čo sa týka výšky zmluvnej pokuty, resp. jej primeranosti, súd nezistil, ţe by zmluvná pokuta, dohodnutá zmluvnými stranami, bola neprime|203237_SLOVNE_4Obdo_27_2012.pdf
200257|PARAGRAF|MATCH_PARAGRAF_301|5Obdo/2/2013|2013-03-18|||práva súdu, resp. okolností, ktoré pre uplatnenie moderačného práva sú v zmysle § 301 Obchodného zákonníka hodnota a význam zabezpečovanej povinnosti. Posúdenie prim|200257_PARAGRAF_5Obdo_2_2013.pdf
196893|PARAGRAF|MATCH_PARAGRAF_301|2Obdo/23/2012|2012-07-31|||sti žalobcom, výšku provízie, započítaciu námietku žalovaného. K aplikácii ust. § 301 OBZ a zníženiu ža lovaným uplatnenej pohľadávky zo zmluvnej pokuty, rovnako urč|196893_PARAGRAF_2Obdo_23_2012.pdf
196785|PARAGRAF|MATCH_PARAGRAF_301|5Obdo/24/2012|2012-06-19|||bdo 24/2012 3 Ďalej súd prvého stupňa poukázal na § 580 Občianskeho zákonníka a § 301 a 302 Obchodného zákonníka a uviedol, že v konaní bolo preukázané, že žalovaný |196785_PARAGRAF_5Obdo_24_2012.pdf
196386|SLOVNE|MATCH_STRICT_KEYWORDS|5MObdo/1/2012|2012-04-29|||Bratislava III vydal platobný rozkaz v rozpore so zákonom. Ďalej namietal výšku zmluvnej pokuty, ktorá je vo výške 182,5% ročne neprimeraná. Súd vydal platobný rozkaze v rozpore s jeho návrhom v časti trov konania. Podľ|196386_SLOVNE_5MObdo_1_2012.pdf
196220|SLOVNE|MATCH_STRICT_KEYWORDS|1MObdo/6/2010|2011-06-30|||osti fakturácie a návrhu ţalobcu v tejto časti. Námietku odvolateľa týkajúcu sa neprimeranej výšky zmluvnej pokuty a nesúladu uplatnenia tohto práva ţalobcu so zásadami poctivého obchodného styk|196220_SLOVNE_1MObdo_6_2010.pdf
195921|SLOVNE|MATCH_STRICT_KEYWORDS|1Obdo/25/2012|2012-07-31|||amietal premlčanie dlţných splátok do 30.10.2005 a ţiadal, aby súd vyuţil svoje moderačné oprávnenie a neprimerane vysokú zmluvnú pokutu zníţil. Nakoľko však súd prvého stupňa uznal námietku premlčania uplatneného ná|195921_SLOVNE_1Obdo_25_2012.pdf
195421|PARAGRAF|MATCH_PARAGRAF_301|4MObdo/8/2011|2012-05-31|||ého práva tým, že zmluvná pokuta je dolnou hrani cou moderácie zmluvnej pokuty /§ 301 Obchodného zákonníka/. Ďalej dovolateľ poukazuje na obsahové náležitosti dohody|195421_PARAGRAF_4MObdo_8_2011.pdf
194696|SLOVNE|MATCH_STRICT_KEYWORDS|3obo/31/2008|2008-12-11|||ť, na ktorú je viazaná zmluvná pokuta pod hrozbou vzniku sankcie na z aplatenie zmluvnej pokuty. V danom prípade teda súd, vychádzajúc z výšky kúpnej ceny považoval 30 % zmluvnú pokutu, dohodnutú v zmluve za primeranú. Súd žalobcovi v ďalšom nepriznal ním uplatnený úrok z omeškania z kapitalizova|194696_SLOVNE_3obo_31_2008.pdf
194546|SLOVNE|MATCH_STRICT_KEYWORDS|4Obdo/51/2011|2012-02-29|||etoţe spoločnosť S. mala podiel v spoločnosti L. S. M. H.. Ţalovaný namietal aj neprimeranú výšku zmluvnej pokuty, ktorá je v značnom nepomere k hodnote a významu zabezpečovanej povinnosti, tie|194546_SLOVNE_4Obdo_51_2011.pdf
194364|SLOVNE|MATCH_STRICT_KEYWORDS|4Obdo/16/2011|2012-02-29|||j, že predmetná nájomná zmluva je neplatným právnym úkonom, ani na námietku, že zmluvná pokuta , dohodnutá medzi účastníkmi , je neprimerane vysoká. Súd prvého stupňa mal tiež za určité a zrozumiteľné dojednanie , týkajú|194364_SLOVNE_4Obdo_16_2011.pdf
193934|SLOVNE|MATCH_STRICT_KEYWORDS|5Obdo/47/2010|2011-04-20||| za každých aj len začatých 7 dní omeškania. Uvedené dohody o povinnosti platiť zmluvnú pokutu odporujú dobrým mravom v tom, že množstvom takýchto dojednaní sa umelo a neprimerane navyšuje záväzok dlžníka, stávali sa splatnými skôr než istina, čím sa dlžníkov|193934_SLOVNE_5Obdo_47_2010.pdf
192285|PARAGRAF|MATCH_PARAGRAF_301|2Obdo/46/2010|2011-09-27|||de sú splnené podmienky pre využitie tzv. moderačného práva v zmysle ustanovení § 301 Obchodného zákonníka. Preto s prihliadnutím na hodno tu a význam zabezpečovanej|192285_PARAGRAF_2Obdo_46_2010.pdf
192117|PARAGRAF|MATCH_PARAGRAF_301|5Obo/137/2006|2008-04-23|||i dohodnutá zmluvná pokuta 0,5 % denne a 1 % denne požíva právnu ochranu pod ľa § 301 a § 265 Ob chodného zákonníka a či dohodnutá zmluvná pokuta za omeškanie s úhra|192117_PARAGRAF_5Obo_137_2006.pdf
191851|PARAGRAF|MATCH_PARAGRAF_301|5Obdo/10/2006|2008-05-15|||o dohodu o zmluvnej pokute, takže by prichádzala do úvahy aplikácia ustanovenia § 301 ObZ. Preto, ak dovolací súd posúdi dovolanie žalobc u ako prípustné, navrhuje, |191851_PARAGRAF_5Obdo_10_2006.pdf
190744|PARAGRAF|MATCH_PARAGRAF_301|5Obo/56/2007|2008-06-04|||liadnutím na všetky okolnosti prípadu využil svoje modera čné oprávnenie pod ľa § 301 ObZ a uplatnenú zmluvnú pokutu znížil na výšku jednej splátky, t. j. na sumu 50|190744_PARAGRAF_5Obo_56_2007.pdf
190326|PARAGRAF|MATCH_PARAGRAF_301|6Obdo/21/2007|2008-07-10|||. § 369 ods. 1 Obch. zák. Odvolací súd v predmetnom rozhodnutí neaplikoval ust. § 301 Obch. zák., ale v súlade s ust. § 265 Obch. zákonníka výkonu práva, kt orý je v|190326_PARAGRAF_6Obdo_21_2007.pdf
189421|SLOVNE|MATCH_STRICT_KEYWORDS|3Obo/106/2008|2009-06-17|||ého dokazovania žalovaný uznal žalobcov nárok na úhradu troch splátok pôžičky a primeranú zmluvnú pokutu. Žalobca preukázal, že žalovaný bol dlhodobo v omeškaní s platením splátok podľ|189421_SLOVNE_3Obo_106_2008.pdf
189070|PARAGRAF|MATCH_PARAGRAF_301|4Obo/258/2007|2009-05-05|||mala by ť dohoda o zmluvnej pokute aj účinná, považujú ju za neprimeranú pod ľa § 301 Obch. Z. Na záver odvolatelia ustálili , že sa im postupom súdu od ňala možnos |189070_PARAGRAF_4Obo_258_2007.pdf
188848|PARAGRAF|MATCH_PARAGRAF_301|6Obdo/22/2008|2008-12-11|||10,85 % z hodnoty zabezpečovanej povinnosti. Nebol dôvod aplikova ť ustanovenia § 301 Obchodného zákonníka a zmluvnú pokutu 6 Obdo 22/2008 3 znižovať. Z toho dôvodu |188848_PARAGRAF_6Obdo_22_2008.pdf
188409|SLOVNE|MATCH_STRICT_KEYWORDS|6MObdo/5/2009|2009-11-26|||pomeru medzi vzájomnými plneniami zmluvných strán, ktoré spo čívajú v dojednaní neprimeran ej výšky úrokov z omeškania či zmluvnej pokuty. Neprimeranosť konkrétneho dojednania spo číva najmä v hrubom nepomere, či už v|188409_SLOVNE_6MObdo_5_2009.pdf
188408|SLOVNE|MATCH_STRICT_KEYWORDS|6Obdo/36/2009|2009-11-26|||álne ju zaplati ť pri zachovaní proporcionality, vzájomných práv a povinnos tí (primerané úroky, primerané úroky z omeškania, príp. primerané zmluvné pokuty) tak, aby žalovaný ako veriteľ mohol realizovať 6 Obdo 36/2009 5 svoje práva zo|188408_SLOVNE_6Obdo_36_2009.pdf
188354|SLOVNE|MATCH_STRICT_KEYWORDS|5Obo/23/2009|2009-11-30|||ku, nepožíva právnu ochranu. V danom prípade súd prvého stup ňa záväzok plati ť zmluvnú pokutu v maximálnej výške 2 600 000 DEM vypo čítanú percentom 13%, t. j. 2,6% ro čne za dobu 5 rokov považoval za neprimeranú a v rozpore so zásadami poctivého obchodného styku i dobrými mravmi. Zmluvná po|188354_SLOVNE_5Obo_23_2009.pdf
188348|PARAGRAF|MATCH_PARAGRAF_301|5Obdo/36/2009|2009-12-16||| názorom súdu prvého stupňa, keď nevyužil svoje moderačné oprávnenie podľa ust. § 301 OBZ, nako ľko dojednaním zmluvnej pokuty zmluvné strany naplnili zásadu zmluvne|188348_PARAGRAF_5Obdo_36_2009.pdf
187908|SLOVNE|MATCH_STRICT_KEYWORDS|4Obo/119/2007|2008-04-24|||vo zvážená ob oma zmluvnými stranami. Nako ľko došlo k uzatvoreniu zmluvy, bola zmluvná pokuta dojednaná pr imerane hodnote a významu zabezpe čovanej povinnosti, avšak ak by súd zastával názor, že zmluvná pokuta je neprimerane vysoká, vzniká tu priestor pre antilib erálne právo súdu zníži ť zmluvnú pokutu|187908_SLOVNE_4Obo_119_2007.pdf
187052|PARAGRAF|MATCH_PARAGRAF_301|3Obo/141/2007|2008-10-13|||e to napr. pri úprave modera čného práva súdu vo vzťahu k zmluvnej pokute podľa § 301 Obchodného zákonníka). Z vyššie uvedeného dôvodu žalobca považoval rozsudok v n|187052_PARAGRAF_3Obo_141_2007.pdf
186918|PARAGRAF|MATCH_PARAGRAF_301|1Obo/3/2007|2008-05-13|||, 45% úrok z omeškania ro čne z dlžnej sumy od 28.10.2001 do zaplatenia. Pod ľa § 301 ods. 1 Ob čianskeho zákonníka Ma ďarskej republiky v prípade peňažného dlhu, ak|186918_PARAGRAF_1Obo_3_2007.pdf
186916|SLOVNE|MATCH_STRICT_KEYWORDS|1ObdoV/119/2005|2008-01-31|||ospech koho je dohodnutá, aby si splnil zmluvnú povinnos ť, na ktorú je viazaná zmluvná pokuta. V danom prípade vzh ľadom na výšku zmluvnej pokuty 30% zo zmluvnej ceny, považoval zmlu vnú pokutu za primeranú. Nepriznal žalobcovi však ním uplatnený úrok z omeškania z kapitalizovaného úro|186916_SLOVNE_1ObdoV_119_2005.pdf
186374|PARAGRAF|MATCH_PARAGRAF_301|4Obo/192/2007|2008-10-16|||úcim sa Obchodným zákonníkom, nakoľko zmluvu uzatvárali právnické osoby. Pod ľa § 301 Obch.Z. platí, že súd nemusí prizna ť zmluvnú pokutu v celej výške, ustanovenie|186374_PARAGRAF_4Obo_192_2007.pdf
186329|SLOVNE|MATCH_STRICT_KEYWORDS|2obdo/30/2008|2008-10-28|||a za následok vyhlásenie konkurzu na akciovú spolo čnosť. Súd výšku požadovanej zmluvnej pokuty posúdil ako primeranú. Ke ďže sa žalovaný dostal s pl nením svojej povinnosti do omeškania, súd podľa|186329_SLOVNE_2obdo_30_2008.pdf
186136|SLOVNE|MATCH_STRICT_KEYWORDS|4Obdo/43/2007|2008-10-22|||je. Napriek uvedeným skuto čnostiam súd vo veci rozhodol. Taktiež sa nezaoberal primeranosťou výšky zmluvnej pokuty. 4 Obdo 43/2007 3 Krajský súd v Nitre ako súd odvolací konanie podľa § 10 ods.1|186136_SLOVNE_4Obdo_43_2007.pdf
186099|PARAGRAF|MATCH_PARAGRAF_301|6Obo/25/2008|2008-09-04|||mluvnej pokuty v sume 22 253,16,-- EUR pokladal za neprimerane vysokú. V zmysle § 301 Obchodného zákonníka zmluvnú pokutu znížil na jednu tretinu z uplatnenej sumy, |186099_PARAGRAF_6Obo_25_2008.pdf
185758|SLOVNE|MATCH_STRICT_KEYWORDS|5Obdo/4/2008|2008-10-22|||upu v prípade 5 Obdo 4/2008 4 poistnej udalosti. To isté pla tí i pre uplatnenú zmluvnú pokutu pod ľa čl. VI, bod 2 písm. d/ poistnej zmluvy, týkajúceho sa predloženia dokla dov a zníženia poistného plnenia vo výške 50 %, čo si žalobca vy číslil sumou 132 473,-- Sk, k|185758_SLOVNE_5Obdo_4_2008.pdf
184205|SLOVNE|MATCH_STRICT_KEYWORDS|5Obdo/11/2008|2008-12-11|||d prvého stup ňa nevyužil modera čné právo a nevyhovel tak návrhu žalovaného na zníženie zmluvnej pokuty, pr etože dojednaním zmluvnej pokuty ú častníci naplnili zásadu zmluvnej vo ľno|184205_SLOVNE_5Obdo_11_2008.pdf
183332|PARAGRAF|MATCH_PARAGRAF_301|1Obo/116/2007|2009-06-29||| nemá ni č spoločné s možnos ťou zníženia zmluvnej pokuty zo strany súdu pod ľa § 301 OBZ. Navrhovateľ na základe rozhodnutia Bankovej rady zo d ňa 15. 08. 2000 zmlu|183332_PARAGRAF_1Obo_116_2007.pdf
183300|SLOVNE|MATCH_STRICT_KEYWORDS|1Obo/158/2007|2009-06-29||| zmenu žalobného petitu tak, že žiadal 25 489 284 Sk istiny ako náhradu škody a zmluvnú pokutu 4 708 316 Sk, obe sumy spolu s 11,33 % úrokom z omeškania od 19. 12. 2002. Celková výška istiny sa teda znížila na sumu 30 197 600 Sk, čo je o 8 426 583,95 Sk menej oproti pôvodnému návrhu.. |183300_SLOVNE_1Obo_158_2007.pdf
182159|PARAGRAF|MATCH_PARAGRAF_301|4Obo/210/2007|2009-01-20||| výška v čase uzatvárania zmluvy na rok 1996 bola bežnou, a preto s poukazom na § 301 Obchodného zákonníka, nie je dôvod na využitie moderačného práva. O úrokoch z d|182159_PARAGRAF_4Obo_210_2007.pdf
181814|SLOVNE|MATCH_STRICT_KEYWORDS|6Obo/166/2008|2009-04-17|||obcu na zmluvnú pokutu 12 500,-- Sk pod ľa čl. 5.2 zmluvy s tvrdením, že takáto zmluvná pokuta je v rozpore s dobrými mravmi pod ľa § 39 Ob čianskeho zákonníka, pretože k výške poskytnutého úveru je zjavne neprimeraná. Krajský súd dospel k záveru, že táto nie je dôvodná, nakoľko pôvodne žalovaná |181814_SLOVNE_6Obo_166_2008.pdf
181388|SLOVNE|MATCH_STRICT_KEYWORDS|2Obdo/31/2009|2009-11-11|||Sk (fa č. 811/2001 a č. 864/2001), suma 1 036 000.-- Sk (poskytnuté preddavky), znížená o sumu 69 768.-- Sk (fa č. 06052003) uplatnenú žalovaným na zapo čítanie a zmluvná pokuta vo výške 187 200.-- Sk z písomne uzavretej zmluvy na dodávku dobytku za nespln |181388_SLOVNE_2Obdo_31_2009.pdf
180957|PARAGRAF|MATCH_PARAGRAF_301|6Obdo/40/2009|2010-04-19|||došlo aj k omeškaniu ţalovaného s odovzdaním diela. Súd poukazom na ustanovenie § 301 Obchodného zákonníka, poukazom na neprimerane vysokú zmluvnú pokutu ( 1 000,– S|180957_PARAGRAF_6Obdo_40_2009.pdf
180498|PARAGRAF|MATCH_PARAGRAF_301|6Obdo/5/2009|2010-06-21|||a vo výške 2,100.000,-- Sk, súd v tomto prípade vyuţil moderačné právo v zmysle § 301 Obchodného zákonníka, prihliadajúc na hodnotu a význam zabezpečovacej povinnost|180498_PARAGRAF_6Obdo_5_2009.pdf
179902|PARAGRAF|MATCH_PARAGRAF_301|3Obo/224/2003|2010-05-26||| dojednanú v záložnej zmluve, neporušil. Okrem tejto skuto čnosti v zmysle ust. § 301 Obchodného zákonníka neprimerane vysokú zmluvnú pokutu môže súd zníži ť s prihl|179902_PARAGRAF_3Obo_224_2003.pdf
178500|PARAGRAF|MATCH_PARAGRAF_301|5Obdo/38/2009|2011-03-31|||ýške zmluvnej pokuty , uplatnenej druhou stranou, ale vychádzajúc z ustanovenia § 301 Obchodného zákonníka podľ a hodnoty a významu zabezpečovanej povinnosti. Odvola|178500_PARAGRAF_5Obdo_38_2009.pdf
177259|SLOVNE|MATCH_STRICT_KEYWORDS|5Obo/114/2008|2010-05-12|||a jej platnosť a v súlade s ňou si ţalovaný uplatnil z nej vyplývajúci nárok na zmluvnú pokutu. Ţalobca neprimeranosť zmluvnej sankcie vo svojich 5Obo/114/2008 2 podaniach ţiadnym spôsobom nepreuká|177259_SLOVNE_5Obo_114_2008.pdf
176911|PARAGRAF|MATCH_PARAGRAF_301|2Obdo/39/2010|2010-12-08|||dvolac í súd sa s uveden ým záverom prvostup ňového s údu nestotožnil. V zmysle § 301 Obchodn ého z ákonníka, kritériom pre pos údenie primeranosti zml uvnej pokuty |176911_PARAGRAF_2Obdo_39_2010.pdf
176005|PARAGRAF|MATCH_PARAGRAF_301|2obo/170/2007|2008-02-06|||ná napr. dohodou účastníkov, ako je to v prípade dohody o zmluvnej pokute podľa § 301 Obch. zák. V prípade uplatnenia primeraného zadosťučinenia podľa § 53 Obch. zák|176005_PARAGRAF_2obo_170_2007.pdf
175642|PARAGRAF|MATCH_PARAGRAF_301|4Obdo/108/2019|2021-05-31|||ane vysoká, súd pristúpil k moderácii tejto uplatnenej zmluvnej pokuty v zmysle § 301 Obchodného zákonníka. Žalobca tvrdil, že mu nefunkčnosťou web stránky vznikla v|175642_PARAGRAF_4Obdo_108_2019.pdf
175441|PARAGRAF|MATCH_PARAGRAF_301|2Obo/46/2012|2012-09-13|||ou ustanovení § 261 a § 262 ods. 2, § 263 až § 272, § 273 ods. 1, § 276 až 289, § 301, § 303, § 304, § 306 ods. 2 a 3, § 308, § 311 ods. 1, § 312, 313, § 321 ods. 4,|175441_PARAGRAF_2Obo_46_2012.pdf
175409|SLOVNE|MATCH_STRICT_KEYWORDS|4Obo/54/2012|2012-09-28|||a neoprávnene indosovaná na veriteľa - V. K. Konzulex, s. r. o. Ďalej namietala neprimeranú výšku úroku z omeškania v sume 823 664,54 eur (24 813 718,-- Sk), ako aj nárok na zmluvnú pokutu vo výške 1 647 329,05 eur (49 627 435,-- Sk), ktoré tvorili súčasť prihlásenej |175409_SLOVNE_4Obo_54_2012.pdf
173559|SLOVNE|MATCH_STRICT_KEYWORDS|3Obo/7/2013|2014-03-31||| všetky príjmy z prenájmu pre seba. Žalobca namieta nielen základ, ale aj výšku zmluvnej pokuty, ktorú môže konajúci súd využijúc moderačné právo znížiť. Okrem toho postúpením časti pohľadávky sa výrazne zhoršilo postav|173559_SLOVNE_3Obo_7_2013.pdf
173390|SLOVNE|MATCH_STRICT_KEYWORDS|1MObdo/6/2011|2014-06-17|||0.2003 a žalobca bol v omeškaní aj s ukončením týchto prác. So vnesenou obranou neprimeranosti zmluvnej pokuty sa súd prvého stupňa vysporiadal a vyhodnotil ju ako účelovú, keďže dojednania |173390_SLOVNE_1MObdo_6_2011.pdf
170706|SLOVNE|MATCH_STRICT_KEYWORDS|4MObdo/9/2012|2014-09-30|||a podiel v spoločnosti Lyžiarske stredisko Martinské Hole. Žalovaný namietal aj neprimeranú výšku zmluvnej pokuty, ktorá je v značnom nepomere k hodnote a významu zabezpečovanej povinností, tie|170706_SLOVNE_4MObdo_9_2012.pdf
164968|SLOVNE|MATCH_STRICT_KEYWORDS|5Oboer/305/2013|2015-04-23|||tobný rozkaz po jeho prvom odvolaní uznesením 20C/76/2009-31 pri uvedenej výške zmluvnej pokuty z omeškania. Podľa povinného 2/ je zmluvná povinnosť zaplatiť riadne a včas esenciálnou povinnosťou dlžníka, na druhej strane výška zabezpečenia je v tomto prípade zjavne neprimeraná podľa direktív Európskej komisie a rozhodnutí Súdneho dvora pre rozpor s dobrým|164968_SLOVNE_5Oboer_305_2013.pdf
162527|SLOVNE|MATCH_STRICT_KEYWORDS|1ObdoV/14/2014|2015-11-26|||svetlil právne dôvody, pre ktoré žalobe voči žalovanej 1/ bolo sčasti vyhovené. Primerane vysvetlil dôvody zmluvnej pokuty ako pohľadávky proti podstate a jednotlivé predpoklady zodpovednosti žalovanej |162527_SLOVNE_1ObdoV_14_2014.pdf
162519|SLOVNE|MATCH_STRICT_KEYWORDS|1ObdoV/13/2014|2015-11-26|||svetlil právne dôvody, pre ktoré žalobe voči žalovanej 1/ bolo sčasti vyhovené. Primerane vysvetlil dôvody zmluvnej pokuty ako pohľadávky proti podstate a jednotlivé predpoklady zodpovednosti žalovanej |162519_SLOVNE_1ObdoV_13_2014.pdf
162190|SLOVNE|MATCH_STRICT_KEYWORDS|2Obdo/1/2015|2016-02-29|||. Okresný súd poukázal na skutočnosť, že na návrh účastníka mohol rozhodnúť, že zmluvnú pokutu neprizná v celej výške, t.j. vo výške v akej bola stranami dojednaná a svojím moderačným (zmierňovacím právom) mohol zasiahnuť do zmluvných vzťahov účastníkov a tieto p|162190_SLOVNE_2Obdo_1_2015.pdf
160272|PARAGRAF|MATCH_PARAGRAF_301|3Obdo/58/2015|2016-04-27|||vrhovateľa: HDC Košice s. r. o., so sídlom Štúrova 27, 040 01 Košice, IČO: 46 076 301, v konaní o zápis zmien v obchodnom registri, na dovolanie navrhovateľa proti u|160272_PARAGRAF_3Obdo_58_2015.pdf
160260|SLOVNE|MATCH_STRICT_KEYWORDS|3Obdo/21/2015|2016-04-27|||ehote tieto vady neodstráni. V takomto prípade, môže kupujúci aj pred uplynutím primeranej lehoty na odstránenie vád tovaru zmeniť svoj nárok a uplatniť zľavu z ceny a môže uplatniť nárok na náhradu škody a zmluvnú pokutu. V prípade márneho uplynutia primeranej lehoty na odstránenie vád tovaru môže k|160260_SLOVNE_3Obdo_21_2015.pdf
160187|SLOVNE|MATCH_STRICT_KEYWORDS|5Obdo/33/2015|2016-04-21|||ka žalobcu. Zmluva na podporu predaja bola uzavretá na 3 mesiace bez akejkoľvek zmluvnej pokuty, bez uvedenia spojitosti tejto zmluvy s kúpnou zmluvou a mala predstavovať výhodu zníženia ceny Miktelu o 2,50 Sk. V čom spočíva výhodnosť tejto zmluvy, odvolaciemu súdu |160187_SLOVNE_5Obdo_33_2015.pdf
158173|PARAGRAF|MATCH_PARAGRAF_301|2Obdo/23/2015|2016-06-23|||prvého stupňa uviedol, že nemohol znížiť dohodnutú zmluvnú pokutu v zmysle ust. § 301 Obchodného zákonníka do výšky skutočnej škody, pretože za skutočnú škodu treba |158173_PARAGRAF_2Obdo_23_2015.pdf
157493|PARAGRAF|MATCH_PARAGRAF_301|1Obo/3/2016|2016-06-08|||y sú celkom vo výške 224.083,44 eur, z tohto príjmy zo speňaženia sú vo výške 166.301,53 eur a príjmy získané inou činnosťou správcu sú vo výške 57.781,91 eur. Pri v|157493_PARAGRAF_1Obo_3_2016.pdf
156356|SLOVNE|MATCH_STRICT_KEYWORDS|4Obo/23/2015|2016-11-30|||o, je teda zrejmé, že tento doklad nebol zaevidovaný v účtovníctve žalovaného a neprimerane vysoká zmluvná pokuta (100% hodnoty úveru) odporuje zásadám poctivého obchodného styku a dobrým mravo|156356_SLOVNE_4Obo_23_2015.pdf
154255|SLOVNE|MATCH_STRICT_KEYWORDS|2ObdoV/10/2016|2016-11-29|||uvy z dôvodu, že sa prieči dobrým mravom, sa súd nestotožnil, pretože dohodnutá zmluvná pokuta neposkytovala a ani neposkytuje nájomcovi neprimeranú a neodôvodnenú výhodu. 3. Súd mal za to, že žalobca neúčtoval a nevymáhal od ža|154255_SLOVNE_2ObdoV_10_2016.pdf
152385|SLOVNE|MATCH_STRICT_KEYWORDS|2ObdoV/9/2016|2016-11-29|||uvy z dôvodu, že sa prieči dobrým mravom, sa súd nestotožnil, pretože dohodnutá zmluvná pokuta neposkytovala a ani neposkytuje nájomcovi neprimeranú a neodôvodnenú výhodu. 3. Súd mal za to, že žalobca neúčtoval a nevymáhal od ža|152385_SLOVNE_2ObdoV_9_2016.pdf
150175|SLOVNE|MATCH_STRICT_KEYWORDS|2Obdo/14/2016|2017-03-29|||, ktorá by bola popretím ich účelu, podstaty a zmyslu. 39. Okresný súd Košice I primerane vysvetlil, z akých úvah vychádzal pri závere, že zmluvná pokuta uplatnená podľa tohto ustanovenia zmluvy sa odvíja od nedodržania postupu prác |150175_SLOVNE_2Obdo_14_2016.pdf
149563|SLOVNE|MATCH_STRICT_KEYWORDS|5Obdo/70/2016|2017-04-27|||úť sa skutočnému reálnemu odberu tovaru, ktorý žalovaný záväzne objednal. 10. K primeranosti výšky zmluvnej pokuty sa súd vyjadril, že nevidel dôvod využiť moderačné právo a zmluvnú pokutu zníži|149563_SLOVNE_5Obdo_70_2016.pdf
148045|PARAGRAF|MATCH_PARAGRAF_301|5Obdo/63/2016|2017-04-25|||kolnosti prípadu odvolací súd nevzhliadol dôvod použiť moderačné právo v zmysle § 301 Obchodného zákonníka. 15. Odvolací súd taktiež dospel k záveru, že nie je opods|148045_PARAGRAF_5Obdo_63_2016.pdf
144214|SLOVNE|MATCH_STRICT_KEYWORDS|4Obdo/22/2017|2017-09-29|||té, pretože nemožno celkom jednoznačne definovať rozsah obmedzení žalovanej, je neprimerané, pretože zmluvná pokuta, ktorá bola dohodnutá vo výške 1.000.000,-Sk je neprimeraná k jej odmene za hod|144214_SLOVNE_4Obdo_22_2017.pdf
143288|SLOVNE|MATCH_STRICT_KEYWORDS|3Obdo/24/2017|2017-10-04|||cujú. Takýmto úkonom bolo aj ručiteľské vyhlásenie. Zároveň zaujal stanovisko k neprimeranosti úrokov z omeškania (54,74 %), ktoré sú v rozpore s dobrými mravmi a odkázal na rozhodnutie sp. zn. 6MObdo/5/2009. K zmluvnej pokute 4 800,- eur uviedol, že dojednanie o zmluvnej pokute je neplatné, pre jeho neur|143288_SLOVNE_3Obdo_24_2017.pdf
141954|PARAGRAF|MATCH_PARAGRAF_301|5XObdo/567/2017|2017-11-20|||ajvyšší súd SR Spisová značka: 5XObdo/567/2017 Identifikačné číslo spisu: 3112226301 Dátum vydania rozhodnutia: 20.11.2017 Meno a priezvisko: JUDr. Darina Ličková F|141954_PARAGRAF_5XObdo_567_2017.pdf
140507|SLOVNE|MATCH_STRICT_KEYWORDS|5Obdo/44/2017|2018-01-30|||nkretizovali, neuviedli výšku zmluvných pokút ani dôvody, pre ktoré by mali byť zmluvné pokuty neprimerané, vzhľadom na hodnotu a význam zabezpečovanej povinnosti, nešpecifikovali ani su|140507_SLOVNE_5Obdo_44_2017.pdf
140504|SLOVNE|MATCH_STRICT_KEYWORDS|5Obdo/43/2017|2018-01-30|||nkretizovali, neuviedli výšku zmluvných pokút ani dôvody, pre ktoré by mali byť zmluvné pokuty neprimerané, vzhľadom na hodnotu a význam zabezpečovanej povinnosti, nešpecifikovali ani su|140504_SLOVNE_5Obdo_43_2017.pdf
140487|SLOVNE|MATCH_STRICT_KEYWORDS|5Obdo/42/2017|2018-01-30|||nkretizovali, neuviedli výšku zmluvných pokút ani dôvody, pre ktoré by mali byť zmluvné pokuty neprimerané, vzhľadom na hodnotu a význam zabezpečovanej povinnosti, nešpecifikovali ani su|140487_SLOVNE_5Obdo_42_2017.pdf
140008|PARAGRAF|MATCH_PARAGRAF_301|1Obdo/40/2017|2018-01-30|||il (modifikoval) v prospech žalovaného, uplatniac moderačné právo v zmysle ust. § 301 Obch. zákonníka. Keďže v posudzovanom prípade nebolo potrebné zopakovať alebo d|140008_PARAGRAF_1Obdo_40_2017.pdf
130841|SLOVNE|MATCH_STRICT_KEYWORDS|2Obdo/31/2018|2019-05-30||| do 31.3.2013 predstavovala sumu 19 205,59 Eur. Súd nemal dôvod takto vyčíslenú zmluvnú pokutu žalobcovi nepriznať, pretože nárok považoval za preukázaný. Žalovaný výšku zmluvnej pokuty nenamietal, preto nebol dôvod na využitie moderačného práva súdom. 5. Krajský súd v Žiline, ako súd odvolací, na odvolanie žalovaného|130841_SLOVNE_2Obdo_31_2018.pdf
130236|PARAGRAF|MATCH_PARAGRAF_301|3Obdo/11/2019|2019-07-17|||il s odôvodnením rozsudku súdu prvej inštancie poukazujúc na znenie ustanovenia § 301 Obchodného zákonníka, ktoré umožňuje súdu znížiť zmluvnú pokutu. Podľa názoru o|130236_PARAGRAF_3Obdo_11_2019.pdf
130174|PARAGRAF|MATCH_PARAGRAF_301|4Obdo/50/2018|2019-07-31|||štancie aplikoval pri jej posudzovaní aj § 300 a nasl. ObchZ, pričom k uvedeniu § 301 ObchZ došlo zrejme len omylom, keďže využitie moderačného oprávnenia navrhol ža|130174_PARAGRAF_4Obdo_50_2018.pdf
129949|PARAGRAF|MATCH_PARAGRAF_301|5Obdo/27/2018|2019-07-30||| aj k žalovaným 1/ a 2/ uplatnenému návrhu na moderovanie zmluvnej pokuty podľa § 301 Obchodného zákonníka, súd prvej inštancie vyjadril zreteľným spôsobom svoje záv|129949_PARAGRAF_5Obdo_27_2018.pdf
129667|PARAGRAF|MATCH_PARAGRAF_301|3Obo/8/2019|2019-09-24|||dných praktík v konaní o abstraktnej kontrole v spotrebiteľských zmluvách podľa § 301 a nasl. C.s.p. s vykonávaním dohľadu nad finančným trhom, ktorého vykonávanie p|129667_PARAGRAF_3Obo_8_2019.pdf
129456|PARAGRAF|MATCH_PARAGRAF_301|1Obdo/66/2018|2019-09-25|||dza z nesprávneho právneho posúdenia veci, poukázal na nesprávnu aplikáciu ust. § 301 zákona č. 513/1991 Zb. Obchodného zákonníka (ďalej aj ako „Obchodný zákonník“),|129456_PARAGRAF_1Obdo_66_2018.pdf
129385|PARAGRAF|MATCH_PARAGRAF_301|4Obdo/55/2018|2019-09-30||| primeranosti zmluvnej pokuty v nadväznosti na použitie moderačného práva podľa § 301 ObchZ (1 ObdoV 93/2004) a skúmania dojednania o zmluvnej pokute s dobrými mravm|129385_PARAGRAF_4Obdo_55_2018.pdf
128101|SLOVNE|MATCH_STRICT_KEYWORDS|4Obdo/84/2018|2019-12-11|||žiť požadovanú náhradu poistného plnenia (nejedná sa ani o náhradu škody, ani o zmluvnú pokutu), rovnako tak nie je zrejmá ani skutočnosť, z akého právneho predpisu považuje dovolateľ za kritérium pre mieru takéhoto zníženia primeranosť, či proporcionalitu a z čoho odvodzuje ako základ pre skúmanie prop|128101_SLOVNE_4Obdo_84_2018.pdf
127786|PARAGRAF|MATCH_PARAGRAF_301|5Obdo/53/2019|2020-01-29|||iky v spore žalobcu: Ing. Anett Pirohár, Jaskový rad 189, Bratislava, IČO: 41 126 301, konkurzný správca úpadcu GOLDEN PARK, s. r. o., Bancíkovej 1/A, Bratislava, IČ|127786_PARAGRAF_5Obdo_53_2019.pdf
126625|PARAGRAF|MATCH_PARAGRAF_301|5Obdo/16/2019|2020-04-28||| a zmluvnú pokutu, pričom nezistil dôvody pre jej moderáciu postupom podľa ust. § 301 ObZ. K námietke neprimerane vysokej zmluvne dohodnutej ceny žalobcom poskytnuté|126625_PARAGRAF_5Obdo_16_2019.pdf
126450|SLOVNE|MATCH_STRICT_KEYWORDS|5Obdo/65/2019|2020-05-12||| 595,17 CZK, pričom istina prestavuje sumu 4 151 599,10 CZK. Úrok z omeškania a zmluvná pokuta narástli do takejto výšky z dôvodu postupu súdu prvej inštancie, nakoľko spor trval neprimerane dlhú dobu. Žalovaný navrhol, aby dovolací súd napadnuté rozhodnutie odvolacieho|126450_SLOVNE_5Obdo_65_2019.pdf
126215|SLOVNE|MATCH_STRICT_KEYWORDS|3Obdo/3/2020|2020-05-27|||. Ak kupujúci požaduje odstránenie vád tovaru, nemôže pred uplynutím dodatočnej primeranej lehoty, ktorú je povinný poskytnúť na tento účel predávajúcemu, uplatniť iné nároky z vád tovaru, okrem nároku na náhradu škody a na zmluvnú pokutu, ibaže predávajúci oznámi kupujúcemu, že nesplní svoje povinnosti v tejto lehot|126215_SLOVNE_3Obdo_3_2020.pdf
126145|SLOVNE|MATCH_STRICT_KEYWORDS|2Obdo/18/2020|2020-05-27||| zatiaľ čo vo zvyšku žalobu ako nedôvodnú zamietol. Žalobcom uplatnený nárok na zmluvnú pokutu súd prvej inštancie zamietol s poukazom na ust. § 544 ods. 2 Občianskeho zákonníka (ktorý sa primerane použije aj na obchodné záväzky), podľa ktorého musí byť zmluvná pokuta dojednan|126145_SLOVNE_2Obdo_18_2020.pdf
125184|PARAGRAF|MATCH_PARAGRAF_301|1Obdo/72/2019|2020-09-29|||e uvedeného súd prvej inštancie uplatnil moderačné oprávnenie podľa ustanovenia § 301 Obchodného zákonníka (ďalej aj „Obch. zák.“) a zmluvnú pokutu znížil o polovicu|125184_PARAGRAF_1Obdo_72_2019.pdf
124963|SLOVNE|MATCH_STRICT_KEYWORDS|1Obdo/23/2020|2020-11-24|||tnými pre rozhodnutie vo veci samej boli existencia dohody ohľadom uplatňovania zmluvnej pokuty a primeranosť jej výšky, ako aj primeranosť uplatnených úrokov z omeškania v súvislosti so zá|124963_SLOVNE_1Obdo_23_2020.pdf
123984|PARAGRAF|MATCH_PARAGRAF_301|4Obdo/38/2020|2020-07-30|||ného opčného kontraktu resp,, že nebol uplatnený platne. Súd s poukazom na ust. § 301 Obchodného zákonníka a na základe vykonaného dokazovania dospel k záveru, že zm|123984_PARAGRAF_4Obdo_38_2020.pdf
123760|SLOVNE|MATCH_STRICT_KEYWORDS|4Obdo/54/2019|2020-08-31|||iky (viď sp. zn. 4Cdo/13/2009, 2Cdo/199/2005, ...). Zároveň mal za to, že výška zmluvnej pokuty je neprimeraná a nie je možný súbeh nároku na zmluvnú pokutu a úroku z omeškania, kedy sa súdy|123760_SLOVNE_4Obdo_54_2019.pdf
123541|SLOVNE|MATCH_STRICT_KEYWORDS|5Obo/7/2019|2020-10-01||| sme Tajane úroky a penále v takej výške ako pôvodne boli. Považovali sme to za neprimerané a vtedy sme to vyrovnávali kúpnopredajnými zmluvami, dovtedy sme im uznali úroky a zmluvnú pokutu. Vždy sme vyrovnávali dlhy tak, že z majetku bardejovského vyrovnávali sme dlhy|123541_SLOVNE_5Obo_7_2019.pdf
122713|SLOVNE|MATCH_STRICT_KEYWORDS|4Obdo/74/2020|2021-03-30|||sa dostal do omeškania s plnením dlhu) do zaplatenia a na zaplatenie dohodnutej zmluvnej pokuty za omeškanie v zmysle článku X. Zmluvy o dielo č. XX/XX/XXX1, ktorú súd považoval za primeranú, a to vo výške 0,05 % za každý deň omeškania zo sumy 24.357,19 eur od 17. 11. 2|122713_SLOVNE_4Obdo_74_2020.pdf
122552|PARAGRAF|MATCH_PARAGRAF_301|5Obdo/76/2020|2021-04-22|||a z dôvodu predčasného ukončenia leasingu zavineného žalovanou, pričom v zmysle § 301 Obchodného zákonníka môže súd neprimerane vysokú zmluvnú pokutu znížiť len do v|122552_PARAGRAF_5Obdo_76_2020.pdf
