id|match_type|spisova_znacka|datum|kolegium|senat|ecli|merito|sudca|snippet|pdf_file
244943|MATCH_PARAGRAF_301|4Ndob/20/2025|2025-12-22|2|4|ECLI:SK:NSSR:2025:9025200016.1|354 233 eur|JUDr. Lenka Praženková|ednotlivé ustanovenia vylúčiť s výnimkou ustanovení § 261 a § 262 ods. 2, § 263 až § 272, § 273 ods. 1, § 276 až § 289, § 301, § 303, § 304, § 306 ods. 2 a 3, § 308, § 311 ods. 1, § 312, § 313, § 321 ods. 4, § 324, § 340a, § 340b, § 341, § 365, |244943_MATCH_PARAGRAF_301_4Ndob_20_2025.pdf
244629|MATCH_PARAGRAF_301|1Obdo/56/2024|2025-11-25|2|1|ECLI:SK:NSSR:2025:6119229957.1|6 500 eur s prísl.|JUDr. Miroslava Janečková|sa konanie končí, a to samostatným uznesením. 2. Súd prvej inštancie po právnej stránke vec posúdil podľa § 269 ods. 2, § 301, § 369 ods. 1, ods. 2 zákona č. 513/1991 Zb. Obchodného zákonníka v znení neskorších predpisov (ďalej len „Obchodný zák|244629_MATCH_PARAGRAF_301_1Obdo_56_2024.pdf
244005|MATCH_KEYWORDS|2Obdo/32/2024|2025-09-30|2|2|ECLI:SK:NSSR:2025:1112201036.1|zrušenie rozhodcovského rozsudku|Mgr. Soňa Pekarčíková|b. Občiansky zákonník v znení neskorších právnych predpisov (ďalej len „Občiansky zákonník“) upravujúcim úžeru z dôvodu neprimeranosti výšky zmluvnej pokuty. 10. K námietke neplatnosti ručiteľských vyhlásení pre nedostatok súhlasu jedného z manželov podľa § 145 ods. 1 Občians|244005_MATCH_KEYWORDS_2Obdo_32_2024.pdf
240273|MATCH_KEYWORDS|4Obdo/40/2023|2024-10-31|2|4|ECLI:SK:NSSR:2024:6119364884.1|6 000 eur s prísl.|JUDr. Lenka Praženková|rana žalobcu ako zastúpeného pred neprípustným konkurenčným konaním žalovaného ako obchodného zástupcu, avšak zároveň v neprimeranej miere neobmedzuje podnikateľskú činnosť žalovaného. 5. Žalobca si v zmysle čl. XIV. bod 14.1 predmetnej zmluvy uplatnil dohodnutú zmluvnú pokutu vo výške 1.000,-- eur v dôsledku porušenia zmluvnej povinnosti žalovaným, ktoré malo spočívať v tom, že ako obchodný zá|240273_MATCH_KEYWORDS_4Obdo_40_2023.pdf
239942|MATCH_KEYWORDS|2Obdo/34/2023|2024-09-26|2|2|ECLI:SK:NSSR:2024:6119316344.1|5 000 eur s prísl.|JUDr. Beáta Miničová|súdu nie je konkurenčná doložka ani v rozpore s poctivým obchodným stykom, dobrými mravmi a nebol dôvod ani na použitie moderačného práva súdu pokiaľ ide o primeranosť zmluvnej pokuty. V danom prípade bol zákaz konkurenčnej činnosti dojednaný na dobu 6 mesiacov a bol obmedzený na konkrétnu prevádzku a |239942_MATCH_KEYWORDS_2Obdo_34_2023.pdf
238345|MATCH_PARAGRAF_301|5Obdo/14/2023|2024-04-25|2|5|ECLI:SK:NSSR:2024:7811201291.4|500 000 eur s prísl.|JUDr. Andrea Moravčíková| znaleckého posudku Ing. M., ohľadne uplatneného opčného kontraktu, že tento nebol uplatnený platne. S poukazom na ust. § 301 zák. č. 513/1991 Zb. Obchodný zákonník v platnom znení (ďalej aj „ObZ“) a na vykonané dokazovanie dospel k záveru, že z|238345_MATCH_PARAGRAF_301_5Obdo_14_2023.pdf
237886|MATCH_KEYWORDS|2Obdo/52/2023|2024-03-28|2|2|ECLI:SK:NSSR:2024:6119394428.2|10 000 eur s prísl.|Mgr. Soňa Pekarčíková|á 90- dňová lehota na uzavretie realizačnej zmluvy vedel, že k uzavretiu realizačnej zmluvy nedôjde, čo znamená, že ani zmluvná pokuta vo výške 10 000 eur, ktorá by mala reprezentovať významnosť povinnosti, na ktorej splnení bezvýhradne žalovaný trval, nemôže byť primeraná. Žalovaný poprel tvrdenia žalobcu o tom, že na uzatvorenie budúcej zmluvy nebol žalobca vyzvaný tvrdiac, že bol v konta|237886_MATCH_KEYWORDS_2Obdo_52_2023.pdf
236208|MATCH_PARAGRAF_301|2Obdo/25/2023|2023-12-14|2|2|ECLI:SK:NSSR:2023:7917211444.1|569,89 eur s prísl.|JUDr. Beáta Miničová|ožil súdu prvej inštancie povinnosť, aby posúdil zmluvnú pokutu uplatnenú žalobkyňou vo výške 461,66 eura aj podľa ust. § 301 zákona č. 513/1991 Zb. Obchodného zákonníka v znení neskorších predpisov (ďalej len „ObZ“). V ďalšom konaní mal podľa o|236208_MATCH_PARAGRAF_301_2Obdo_25_2023.pdf
235703|MATCH_PARAGRAF_301|2Obdo/37/2022|2023-10-31|2|2|ECLI:SK:NSSR:2023:6119364428.1|68 334,96 eur s prísl.|Mgr. Soňa Pekarčíková|pokutu možno dojednať len písomne a v dojednaní musí byť určená výška pokuty alebo určený spôsob jej určenia. 68. Podľa § 301 ObZ, neprimerane vysokú zmluvnú pokutu môže súd znížiť s prihliadnutím na hodnotu a význam zabezpečovanej povinnosti, a|235703_MATCH_PARAGRAF_301_2Obdo_37_2022.pdf
241708|MATCH_KEYWORDS|1Obdo/64/2023|2025-02-26|2|1|ECLI:SK:NSSR:2025:7114218720.1|11 376 eur s prísl.|JUDr. Miroslava Janečková|na náhradu škody jej zmluvný partner Innovia s.r.o. ako hlavný dodávateľ predmetného diela. Žalovaná nepreukázala, že v primeranej lehote od 15. januára 2014, kedy sa dozvedela o uplatnenej zmluvnej pokute od spoločnosti Innovia s.r.o., že túto včas uplatnila aj u svojho obchodného partnera PEVA s.r.o. 21. Odvolací súd v sú|241708_MATCH_KEYWORDS_1Obdo_64_2023.pdf
234689|MATCH_KEYWORDS|4Obdo/83/2021|2022-12-15|2|4|ECLI:SK:NSSR:2022:6418203513.1|687 434,50 eur s prísl. a zmluvnou pokutou|JUDr. Alena Priecelová|a dostane do omeškania s úhradou ktorejkoľvek faktúry, v bode 7.2 Zmluvy dohodli právo žalobcu uplatniť voči žalovanému zmluvnú pokutu vo výške 0,03 % z dlžnej čiastky za každý deň omeškania. Súd prvej inštancie mal za to, že sa nejedná o neprimerane vysokú zmluvnú pokutu, účastníci si predmetnú sankciu dohodli, žalovaný s dohodnutou výškou zmluvnej pokuty súhlasil, p|234689_MATCH_KEYWORDS_4Obdo_83_2021.pdf
233956|MATCH_PARAGRAF_301|2Obdo/31/2022|2023-05-30|2|2|ECLI:SK:NSSR:2023:9022200009.1|zrušenie zápisu údajov do obchodného registra|JUDr. Beáta Miničová|1 ods. 2 CSP). 16. Podľa ust. § 7 ods. 1 CMP, účastníkom je ten, koho tento zákon za účastníka označuje. 17. Podľa ust. § 301 ods. 1 CMP, účastníkom konania o zrušenie zápisu údajov do obchodného registra je navrhovateľ, zapísaná osoba a osoba, |233956_MATCH_PARAGRAF_301_2Obdo_31_2022.pdf
233884|MATCH_PARAGRAF_301|1Obdo/80/2022|2023-05-23|2|1|ECLI:SK:NSSR:2023:2116222110.1|1 000 eur s prísl.|JUDr. Miroslava Janečková|ásobku dohodnutej prepravy. Súd mal za to, že v posudzovanom prípade je potrebné uplatniť moderačné právo súdu v zmysle § 301 Obchodného zákonníka a neprimerane vysokú zmluvnú pokutu znížiť s ohľadom na hodnotu a význam zabezpečovanej povinnosti|233884_MATCH_PARAGRAF_301_1Obdo_80_2022.pdf
233538|MATCH_PARAGRAF_301|4Obdo/65/2022|2023-03-30|2|4|ECLI:SK:NSSR:2023:7110230074.2|115 903,10 eur s prísl.|JUDr. Lenka Praženková|vej inštancie vec právne posúdil podľa § 536, § 537 ods. 1, 2, § 546 ods. 1, § 548 ods. 1, § 554 ods. 1, § 558, § 364 a § 301 Obchodného zákonníka (ďalej len „ObchZ“), upravujúcich povinnosti zhotoviteľa a objednávateľa diela, započítanie pohľad|233538_MATCH_PARAGRAF_301_4Obdo_65_2022.pdf
220081|MATCH_KEYWORDS|4Obdo/95/2021|2022-10-31|2|4|ECLI:SK:NSSR:2022:6119238535.1|112 705,32 eur s prísl.|JUDr. Gabriela Mederová|luvy naďalej vozil odpad na skládku žalobcu, nerobil tak podľa žalovaného na základe tejto zmluvy. Žalovaný namietal aj neprimerane vysokú zmluvnú pokutu, ktorá je vo výške takmer 50 % z celkovej výšky plnenia za rok 2015 a takmer 100 % z celkovej výšky plnenia za rok 2016|220081_MATCH_KEYWORDS_4Obdo_95_2021.pdf
219818|MATCH_PARAGRAF_301|5MObdo/1/2015|2015-10-28|2|5|ECLI:SK:NSSR:2015:8705214351.1|102 901,15 eur s prísl.|JUDr. Darina Ličková| ods. 3 Občianskeho zákonníka, ďalej ust. § 1 ods. 2 Obchodného zákonníka, ust. § 544 ods. 1, 2 Občianskeho zákonníka a § 301 Obchodného zákonníka. Poukázal na znenie článku V. bod 3, 4 predmetnej zmluvy, ďalej na ust. § 302, § 344, § 351 ods. 1|219818_MATCH_PARAGRAF_301_5MObdo_1_2015.pdf
218911|MATCH_PARAGRAF_301|1Obdo/84/2021|2022-09-27|2|1|ECLI:SK:NSSR:2022:2718200808.2|2 400 eur s prísl.|JUDr. Miroslava Janečková|pokuty. Na základe návrhu žalovanej súd preskúmal, či sú naplnené podmienky moderácie zmluvnej pokuty podľa ustanovenia § 301 Obchodného zákonníka, ktorými sú najmä hodnota a význam zabezpečovanej povinnosti, hospodárska pozícia zmluvných strán |218911_MATCH_PARAGRAF_301_1Obdo_84_2021.pdf
217228|MATCH_KEYWORDS|4Obdo/30/2021|2022-04-29|2|4|ECLI:SK:NSSR:2022:1417206067.1|9 049,32 eur s prísl.|JUDr. Lenka Praženková|, teda zvyšok činil výšku 10.628,88 eur. Dohodou o vzájomnom zápočte medzi zmluvnými stranami zo dňa 11.07.2017 bol dlh znížený o výšku 1.428,43 eur na výšku 9.200,45 eur. Jednostranným započítaním zo dňa 11.07.2017 žalovaným boli započítané jeho pohľadávky titulom zmluvnej pokuty vo výške 61.808,25 eur, ktoré mal voči pohľadávkam žalobcu vo výške 60.284,21 eur, v ktorom zápočte bola aj časť faktúr|217228_MATCH_KEYWORDS_4Obdo_30_2021.pdf
217067|MATCH_KEYWORDS|2Obdo/57/2021|2022-05-31|2|2|ECLI:SK:NSSR:2022:6619200251.1|náhradu škody 322 507,55 eur s prísl.|JUDr. Beáta Miničová|atnil v zmysle medzi stranami sporu platne uzatvorenej zmluvy, nič nebránilo, aby žalovaný si zmluvne dohodnutú splatnú zmluvnú pokutu započítal voči splatným pohľadávkam žalobcu. Odvolací súd mal za to, že žalovaným vyúčtovaná zmluvná pokuta vo výške 20.000,- Eur nie je neprimeraná vzhľadom na závažnosť konania pracovníkov žalobcu, ktorí svojim protiprávnym konaním preukázaným v rámci trestného kona|217067_MATCH_KEYWORDS_2Obdo_57_2021.pdf
216579|MATCH_PARAGRAF_301|4Obdo/29/2021|2022-01-28|2|4|ECLI:SK:NSSR:2022:7110230074.1|115 903,10 eur s prísl.|JUDr. Alena Priecelová|rvej inštancie vec právne posúdil podľa § 536, § 537 ods. 1, 2, § 546 ods. 1, § 548 ods. 1, § 554 ods. 1, § 558, § 364, § 301 Obchodného zákonníka (ďalej len „ObchZ“), upravujúcich povinnosti zhotoviteľa a objednávateľa diela, započítanie pohľad|216579_MATCH_PARAGRAF_301_4Obdo_29_2021.pdf
215726|MATCH_KEYWORDS|4Obdo/10/2021|2021-11-30|2|4|ECLI:SK:NSSR:2021:1115201169.1|zrušenie rozhodcovského rozsudku|JUDr. Gabriela Mederová|iam žalobcu, že rozhodcovský súd sa nevysporiadal s otázkami oprávnenosti, výšky, platnosti a nárokovateľnosti samotnej zmluvnej pokuty a úrokov z omeškania, ako ani s moderačným právom, poukázal na to, že s uvedenými argumentmi sa rozhodcovský súd vysporiadal v odôvodnení napadnutého rozhodcovské|215726_MATCH_KEYWORDS_4Obdo_10_2021.pdf
213071|MATCH_KEYWORDS|2ObdoV/10/2016|2016-11-29|2|2||o zaplatenie 1 813 217,82 eur s prísl.||vaného o neplatnosti čl. VIII bod 2 zmluvy z dôvodu, ţe sa prieči dobrým mravom , sa súd nestotoţnil, pretoţe dohodnutá zmluvná pokuta neposkytovala a ani neposkytuje nájomcovi neprimeranú a neodôvodnenú výhodu. 3. Súd mal za to, ţe ţalobca ne účtoval a nevymáhal od ţalovaného zaplatenie zmluvnej pokuty pod|213071_MATCH_KEYWORDS_2ObdoV_10_2016.pdf
213070|MATCH_KEYWORDS|2ObdoV/9/2016|2016-11-29|2|2||o zaplatenie 1 813 217,82 eur s prísl.||vaného o neplatnosti čl. VIII bod 2 zmluvy z dôvodu, ţe sa prieči dobrým mravom , sa súd nestotoţnil, pretoţe dohodnutá zmluvná pokuta neposkytovala a ani neposkytuje nájomcovi neprimeranú a neodôvodnenú výhodu. 3. Súd mal za to, ţe ţalobca ne účtoval a nevymáhal od ţalovaného zaplatenie zmluvnej pokuty pod|213070_MATCH_KEYWORDS_2ObdoV_9_2016.pdf
212877|MATCH_KEYWORDS|1ObdoV/13/2014|2015-11-26|2|1||o zaplatenie 255 534,28 eur s prísl.||osť. Odvolací súd jasne a dostatočne vysvetlil právne dôvody, pre ktoré ţalobe voči ţalo vanej 1/ bolo sčasti vyhovené. Primerane vysvetlil dôvody zmluvnej pokuty ako pohľadávky proti podstate a jednotlivé predpoklady zodpovednosti ţalovanej 1/ za vzniknutú škodu. Najvyšší súd Slov|212877_MATCH_KEYWORDS_1ObdoV_13_2014.pdf
212876|MATCH_KEYWORDS|1ObdoV/14/2014|2015-11-26|2|1||o zaplatenie 255 534,28 eur s prísl.||osť. Odvolací súd jasne a dostatočne vysvetlil právne dôvody, pre ktoré ţalobe voči ţalo vanej 1/ bolo sčasti vyhovené. Primerane vysvetlil dôvody zmluvnej pokuty ako pohľadávky proti podstate a jednotlivé predpoklady zodpovednosti ţalovanej 1/ za vzniknutú škodu. Najvyšší súd Slov|212876_MATCH_KEYWORDS_1ObdoV_14_2014.pdf
210224|MATCH_PARAGRAF_301|4Obdo/17/2016|2016-09-30|2|4|ECLI:SK:NSSR:2016:5414200612.1|zaplatenie 4 832 eur s prísl.|JUDr. Viera Pepelová|ia zmluvnej povinnosti žalovaným sa mal okresný súd zaoberať obranou žalovaného s využitím moderačného oprávnenia podľa § 301 Obchodného zákonníka. 5. Okresný súd po vykonanom dokazovaní a aplikácii ust. § 261 ods. 1, § 672a ods. 1, 2 Obchodného|210224_MATCH_PARAGRAF_301_4Obdo_17_2016.pdf
209563|MATCH_KEYWORDS|2Obdo/101/2020|2021-06-23|2|2|ECLI:SK:NSSR:2021:6118286518.1|128 260,08 eur s prísl.|JUDr. Beáta Miničová|ným jednostranným započítaním proti pohľadávke žalobcu. 7.1. Súd prvej inštancie dospel k záveru, že stranami dojednaná zmluvná pokuta (jej výška) je celkom zjavne neprimerane vysoká, keďže žalovaným uplatnená výška zmluvnej pokuty predstavuje približne 35,99 % ceny diela a v prípade, ak by bol|209563_MATCH_KEYWORDS_2Obdo_101_2020.pdf
206975|MATCH_PARAGRAF_301|5MObdo/1/2015|2015-10-27|2|5||o zaplatenie 102 901,15 eur s príslušenstvom|| ods. 3 Občianskeho zákonníka, ďalej ust. § 1 ods. 2 Obchodného zákonníka, ust. § 544 ods. 1, 2 Občianskeho zákonníka a § 301 Obchodného zákonníka. Poukázal na znenie článku V. bod 3, 4 predmetnej zmluvy, ďalej na ust. § 302, § 344, § 351 ods. 1|206975_MATCH_PARAGRAF_301_5MObdo_1_2015.pdf
206974|MATCH_PARAGRAF_301|5MObdo/3/2014|2015-09-10|2|5||o zaplatenie 9 432 475,66 eur s prísl.||ú význam napríklad v tom, ţe vylepšujú pozíciu ţalobcu v prípade ú vah súdu o uplatnení jeho moderačného práva v zmysle § 301 Obchodného zákonníka. Súd však v energetickom odvetví a na potrebu zachovávania právnej istoty, týkajúcej sa dohodnutýc|206974_MATCH_PARAGRAF_301_5MObdo_3_2014.pdf
175642|MATCH_PARAGRAF_301|4Obdo/108/2019|2021-05-31|2|4|ECLI:SK:NSSR:2021:1411204833.2|5 600 eur s prísl.|JUDr. Gabriela Mederová|a uplatnená zmluvná pokuta bola neprimerane vysoká, súd pristúpil k moderácii tejto uplatnenej zmluvnej pokuty v zmysle § 301 Obchodného zákonníka. Žalobca tvrdil, že mu nefunkčnosťou web stránky vznikla veľká škoda, tým že nemohol klientom cez |175642_MATCH_PARAGRAF_301_4Obdo_108_2019.pdf
162527|MATCH_KEYWORDS|1ObdoV/14/2014|2015-11-26|2|1|ECLI:SK:NSSR:2015:6007201265.2|255 534,28 eur s prísl.|JUDr. Beáta Miničová|vosť. Odvolací súd jasne a dostatočne vysvetlil právne dôvody, pre ktoré žalobe voči žalovanej 1/ bolo sčasti vyhovené. Primerane vysvetlil dôvody zmluvnej pokuty ako pohľadávky proti podstate a jednotlivé predpoklady zodpovednosti žalovanej 1/ za vzniknutú škodu. Najvyšší súd Slov|162527_MATCH_KEYWORDS_1ObdoV_14_2014.pdf
162519|MATCH_KEYWORDS|1ObdoV/13/2014|2015-11-26|2|1|ECLI:SK:NSSR:2015:6007201265.1|255 534,28 eur s prísl.|JUDr. Beáta Miničová|vosť. Odvolací súd jasne a dostatočne vysvetlil právne dôvody, pre ktoré žalobe voči žalovanej 1/ bolo sčasti vyhovené. Primerane vysvetlil dôvody zmluvnej pokuty ako pohľadávky proti podstate a jednotlivé predpoklady zodpovednosti žalovanej 1/ za vzniknutú škodu. Najvyšší súd Slov|162519_MATCH_KEYWORDS_1ObdoV_13_2014.pdf
162190|MATCH_KEYWORDS|2Obdo/1/2015|2016-02-29|2|2|ECLI:SK:NSSR:2016:5105206100.1|zaplatenie 8 345,51 eur s prísl.|JUDr. Ivana Izakovičová|anami platne dojednaná v Nájomnej zmluve. Okresný súd poukázal na skutočnosť, že na návrh účastníka mohol rozhodnúť, že zmluvnú pokutu neprizná v celej výške, t.j. vo výške v akej bola stranami dojednaná a svojím moderačným (zmierňovacím právom) mohol zasiahnuť do zmluvných vzťahov účastníkov a tieto potom primeraným spôsobom modifikovať. Pr|162190_MATCH_KEYWORDS_2Obdo_1_2015.pdf
160260|MATCH_KEYWORDS|3Obdo/21/2015|2016-04-27|2|3|ECLI:SK:NSSR:2016:6108223503.1|odstránenie vád|JUDr. Jana Veselá  Zemaníková|v, ak kupujúci oznámi, že v primeranej lehote tieto vady neodstráni. V takomto prípade, môže kupujúci aj pred uplynutím primeranej lehoty na odstránenie vád tovaru zmeniť svoj nárok a uplatniť zľavu z ceny a môže uplatniť nárok na náhradu škody a zmluvnú pokutu. V prípade márneho uplynutia primeranej lehoty na odstránenie vád tovaru môže kupujúci uplatniť zľavu z kúpnej ceny, al|160260_MATCH_KEYWORDS_3Obdo_21_2015.pdf
160187|MATCH_KEYWORDS|5Obdo/33/2015|2016-04-21|2|5|ECLI:SK:NSSR:2016:8210205720.1|43 686,25 eur s prísl.|JUDr. Darina Ličková|motnej výpovede žalovaného a zo stanoviska žalobcu. Zmluva na podporu predaja bola uzavretá na 3 mesiace bez akejkoľvek zmluvnej pokuty, bez uvedenia spojitosti tejto zmluvy s kúpnou zmluvou a mala predstavovať výhodu zníženia ceny Miktelu o 2,50 Sk. V čom spočíva výhodnosť tejto zmluvy, odvolaciemu súdu nebolo známe, pretože kúpna zmluva bola |160187_MATCH_KEYWORDS_5Obdo_33_2015.pdf
158173|MATCH_PARAGRAF_301|2Obdo/23/2015|2016-06-23|2|2|ECLI:SK:NSSR:2016:1312213298.1|zaplatenie 190 900 eur s prísl.|JUDr. Ivana Izakovičová| ods. 1 Obchodného zákonníka. Ďalej súd prvého stupňa uviedol, že nemohol znížiť dohodnutú zmluvnú pokutu v zmysle ust. § 301 Obchodného zákonníka do výšky skutočnej škody, pretože za skutočnú škodu treba považovať dohodnutú výšku nájomného za p|158173_MATCH_PARAGRAF_301_2Obdo_23_2015.pdf
156356|MATCH_KEYWORDS|4Obo/23/2015|2016-11-30|2|4|ECLI:SK:NSSR:2016:7010210195.1|164 957,85 eur s prísl.|JUDr. Alena Priecelová|o dokladu ani pokladničné evidenčné číslo, je teda zrejmé, že tento doklad nebol zaevidovaný v účtovníctve žalovaného a neprimerane vysoká zmluvná pokuta (100% hodnoty úveru) odporuje zásadám poctivého obchodného styku a dobrým mravom. 20. Pohľadávka žalobcu, ktorej pravos|156356_MATCH_KEYWORDS_4Obo_23_2015.pdf
154255|MATCH_KEYWORDS|2ObdoV/10/2016|2016-11-29|2|2|ECLI:SK:NSSR:2016:1099899672.2|1 813 217,82 eur s prísl.|JUDr. Viera Pepelová|ovaného o neplatnosti čl. VIII bod 2 zmluvy z dôvodu, že sa prieči dobrým mravom, sa súd nestotožnil, pretože dohodnutá zmluvná pokuta neposkytovala a ani neposkytuje nájomcovi neprimeranú a neodôvodnenú výhodu. 3. Súd mal za to, že žalobca neúčtoval a nevymáhal od žalovaného zaplatenie zmluvnej pokuty podľ|154255_MATCH_KEYWORDS_2ObdoV_10_2016.pdf
152385|MATCH_KEYWORDS|2ObdoV/9/2016|2016-11-29|2|2|ECLI:SK:NSSR:2016:1099899672.1|1 813 217,82 eur s prísl.|JUDr. Viera Pepelová|ovaného o neplatnosti čl. VIII bod 2 zmluvy z dôvodu, že sa prieči dobrým mravom, sa súd nestotožnil, pretože dohodnutá zmluvná pokuta neposkytovala a ani neposkytuje nájomcovi neprimeranú a neodôvodnenú výhodu. 3. Súd mal za to, že žalobca neúčtoval a nevymáhal od žalovaného zaplatenie zmluvnej pokuty podľ|152385_MATCH_KEYWORDS_2ObdoV_9_2016.pdf
150175|MATCH_KEYWORDS|2Obdo/14/2016|2017-03-29|2|2|ECLI:SK:NSSR:2017:7110215450.2|96 846,02 eur|JUDr. Beáta Miničová|í všeobecne záväzných právnych predpisov, ktorá by bola popretím ich účelu, podstaty a zmyslu. 39. Okresný súd Košice I primerane vysvetlil, z akých úvah vychádzal pri závere, že zmluvná pokuta uplatnená podľa tohto ustanovenia zmluvy sa odvíja od nedodržania postupu prác podľa vzájomne odsúhlaseného harmonogram|150175_MATCH_KEYWORDS_2Obdo_14_2016.pdf
148045|MATCH_PARAGRAF_301|5Obdo/63/2016|2017-04-25|2|5|ECLI:SK:NSSR:2017:8111233061.1|zaplatenie 60 000-UDS a 270 000 eur s príl.|JUDr. Darina Ličková|obohatenia. Taktiež vzhľadom na všetky okolnosti prípadu odvolací súd nevzhliadol dôvod použiť moderačné právo v zmysle § 301 Obchodného zákonníka. 15. Odvolací súd taktiež dospel k záveru, že nie je opodstatnená ani námietka žalovaného ako odvo|148045_MATCH_PARAGRAF_301_5Obdo_63_2016.pdf
144214|MATCH_KEYWORDS|4Obdo/22/2017|2017-09-29|2|4|ECLI:SK:NSSR:2017:8210205869.2|33 193,92 eur s prísl.|JUDr. Alena Priecelová|ádzala, že dojednanie v zmluve je neurčité, pretože nemožno celkom jednoznačne definovať rozsah obmedzení žalovanej, je neprimerané, pretože zmluvná pokuta, ktorá bola dohodnutá vo výške 1.000.000,-Sk je neprimeraná k jej odmene za hodinu práce, ktorá bola vo výške 103,-Sk. |144214_MATCH_KEYWORDS_4Obdo_22_2017.pdf
143288|MATCH_KEYWORDS|3Obdo/24/2017|2017-10-04|2|3|ECLI:SK:NSSR:2017:8115205000.1|určenie pravosti popretých pohľadávok|JUDr. Ľubomíra Kúdelová|teľov, prípadne ostatných veriteľov ukracujú. Takýmto úkonom bolo aj ručiteľské vyhlásenie. Zároveň zaujal stanovisko k neprimeranosti úrokov z omeškania (54,74 %), ktoré sú v rozpore s dobrými mravmi a odkázal na rozhodnutie sp. zn. 6MObdo/5/2009. K zmluvnej pokute 4 800,- eur uviedol, že dojednanie o zmluvnej pokute je neplatné, pre jeho neurčitosť, nakoľko neobsahuje výšku zmluvne|143288_MATCH_KEYWORDS_3Obdo_24_2017.pdf
140008|MATCH_PARAGRAF_301|1Obdo/40/2017|2018-01-30|2|1|ECLI:SK:NSSR:2018:4105220661.1|29 274,36 eur s prísl.|JUDr. Jana Hullová|ýške 21 443,27 eur odvolací súd len znížil (modifikoval) v prospech žalovaného, uplatniac moderačné právo v zmysle ust. § 301 Obch. zákonníka. Keďže v posudzovanom prípade nebolo potrebné zopakovať alebo doplniť dokazovanie a v spore nebol ziste|140008_MATCH_PARAGRAF_301_1Obdo_40_2017.pdf
130841|MATCH_KEYWORDS|2Obdo/31/2018|2019-05-30|2|2|ECLI:SK:NSSR:2019:5713201841.1|19 205,59 eur a v konaní o odstránenie vád diela|JUDr. Ivana Izakovičová| sumy zmluvná pokuta, a to od 27.10.2012 do 31.3.2013 predstavovala sumu 19 205,59 Eur. Súd nemal dôvod takto vyčíslenú zmluvnú pokutu žalobcovi nepriznať, pretože nárok považoval za preukázaný. Žalovaný výšku zmluvnej pokuty nenamietal, preto nebol dôvod na využitie moderačného práva súdom. 5. Krajský súd v Žiline, ako súd odvolací, na odvolanie žalovaného, napadnutým rozsudkom zo dňa 28. júna 2|130841_MATCH_KEYWORDS_2Obdo_31_2018.pdf
130236|MATCH_PARAGRAF_301|3Obdo/11/2019|2019-07-17|2|3|ECLI:SK:NSSR:2019:8710206608.1|9 616,52 eur s prísl.|JUDr. Ľubomíra Kúdelová|nštatoval, že sa v celom rozsahu stotožnil s odôvodnením rozsudku súdu prvej inštancie poukazujúc na znenie ustanovenia § 301 Obchodného zákonníka, ktoré umožňuje súdu znížiť zmluvnú pokutu. Podľa názoru odvolacieho súdu je rozhodnutie okresného|130236_MATCH_PARAGRAF_301_3Obdo_11_2019.pdf
130174|MATCH_PARAGRAF_301|4Obdo/50/2018|2019-07-31|2|4|ECLI:SK:NSSR:2019:6707214357.1|177 622,31 eur s prísl.|JUDr. Viera Pepelová|venia Obchodného zákonníka, súd prvej inštancie aplikoval pri jej posudzovaní aj § 300 a nasl. ObchZ, pričom k uvedeniu § 301 ObchZ došlo zrejme len omylom, keďže využitie moderačného oprávnenia navrhol žalovaný len v záverečnom štádiu konania p|130174_MATCH_PARAGRAF_301_4Obdo_50_2018.pdf
129949|MATCH_PARAGRAF_301|5Obdo/27/2018|2019-07-30|2|5|ECLI:SK:NSSR:2019:5610201503.1|138 252,66 eur s prísl.|JUDr. Anna Marková|ani s poctivým obchodným stykom. Rovnako aj k žalovaným 1/ a 2/ uplatnenému návrhu na moderovanie zmluvnej pokuty podľa § 301 Obchodného zákonníka, súd prvej inštancie vyjadril zreteľným spôsobom svoje závery, keď mal za to, že nebolo možné hovo|129949_MATCH_PARAGRAF_301_5Obdo_27_2018.pdf
129456|MATCH_PARAGRAF_301|1Obdo/66/2018|2019-09-25|2|1|ECLI:SK:NSSR:2019:7215201451.1|33 111 eur s prísl.|JUDr. Jana Hullová|e rozhodnutie súdu prvej inštancie vychádza z nesprávneho právneho posúdenia veci, poukázal na nesprávnu aplikáciu ust. § 301 zákona č. 513/1991 Zb. Obchodného zákonníka (ďalej aj ako „Obchodný zákonník“), keď súd prvej inštancie nepristúpil k u|129456_MATCH_PARAGRAF_301_1Obdo_66_2018.pdf
129385|MATCH_PARAGRAF_301|4Obdo/55/2018|2019-09-30|2|4|ECLI:SK:NSSR:2019:8812205785.1|27 873,76 eur s prísl.|JUDr. Gabriela Mederová|ateľa odkloniť, sa však týkajú posúdenia primeranosti zmluvnej pokuty v nadväznosti na použitie moderačného práva podľa § 301 ObchZ (1 ObdoV 93/2004) a skúmania dojednania o zmluvnej pokute s dobrými mravmi v zmysle § 39 OZ (2 Cdo/172/2007). Pok|129385_MATCH_PARAGRAF_301_4Obdo_55_2018.pdf
128101|MATCH_KEYWORDS|4Obdo/84/2018|2019-12-11|2|4|ECLI:SK:NSSR:2019:8214200418.1|22 748,67 eur s prísl.|JUDr. Alena Priecelová|vyplýva možnosť odvodenia práva súdu znížiť požadovanú náhradu poistného plnenia (nejedná sa ani o náhradu škody, ani o zmluvnú pokutu), rovnako tak nie je zrejmá ani skutočnosť, z akého právneho predpisu považuje dovolateľ za kritérium pre mieru takéhoto zníženia primeranosť, či proporcionalitu a z čoho odvodzuje ako základ pre skúmanie proporcionality práve kritérium závažnosti p|128101_MATCH_KEYWORDS_4Obdo_84_2018.pdf
126625|MATCH_PARAGRAF_301|5Obdo/16/2019|2020-04-28|2|5|ECLI:SK:NSSR:2020:3114227248.1|6 278,52 eur s prísl.|JUDr. Andrea Moravčíková|om a zmluvou uplatnené úroky z omeškania a zmluvnú pokutu, pričom nezistil dôvody pre jej moderáciu postupom podľa ust. § 301 ObZ. K námietke neprimerane vysokej zmluvne dohodnutej ceny žalobcom poskytnutého plnenia uviedol, že toto v konaní neb|126625_MATCH_PARAGRAF_301_5Obdo_16_2019.pdf
126450|MATCH_KEYWORDS|5Obdo/65/2019|2020-05-12|2|5|ECLI:SK:NSSR:2020:1408209124.1|4 151 599,10 CZK s prísl.|JUDr. Anna Marková|odnutia odvolacieho súdu vo výške 15 966 595,17 CZK, pričom istina prestavuje sumu 4 151 599,10 CZK. Úrok z omeškania a zmluvná pokuta narástli do takejto výšky z dôvodu postupu súdu prvej inštancie, nakoľko spor trval neprimerane dlhú dobu. Žalovaný navrhol, aby dovolací súd napadnuté rozhodnutie odvolacieho súdu, ako aj súdu prvej inštancie zruši|126450_MATCH_KEYWORDS_5Obdo_65_2019.pdf
126215|MATCH_KEYWORDS|3Obdo/3/2020|2020-05-27|2|3|ECLI:SK:NSSR:2020:7614210711.1|9 782,54 eur s prísl.|JUDr. Jana Veselá  Zemaníková|ie neprimeraných nákladov (ods. 2). 12.6. Ak kupujúci požaduje odstránenie vád tovaru, nemôže pred uplynutím dodatočnej primeranej lehoty, ktorú je povinný poskytnúť na tento účel predávajúcemu, uplatniť iné nároky z vád tovaru, okrem nároku na náhradu škody a na zmluvnú pokutu, ibaže predávajúci oznámi kupujúcemu, že nesplní svoje povinnosti v tejto lehote (ods. 3). 12.7. Dokiaľ kupujúci neurčí|126215_MATCH_KEYWORDS_3Obdo_3_2020.pdf
126145|MATCH_KEYWORDS|2Obdo/18/2020|2020-05-27|2|2|ECLI:SK:NSSR:2020:1413212459.1|19 143,88 eur s prísl.|JUDr. Ivana Izakovičová|dný, preto žalobe v tejto časti vyhovel, zatiaľ čo vo zvyšku žalobu ako nedôvodnú zamietol. Žalobcom uplatnený nárok na zmluvnú pokutu súd prvej inštancie zamietol s poukazom na ust. § 544 ods. 2 Občianskeho zákonníka (ktorý sa primerane použije aj na obchodné záväzky), podľa ktorého musí byť zmluvná pokuta dojednaná písomne, pričom nedodržanie zákonnej p|126145_MATCH_KEYWORDS_2Obdo_18_2020.pdf
125184|MATCH_PARAGRAF_301|1Obdo/72/2019|2020-09-29|2|1|ECLI:SK:NSSR:2020:2514201620.1|10 000 eur s prísl.|JUDr. Jana Hullová|jednávanom prípade bola 300 €. Na základe uvedeného súd prvej inštancie uplatnil moderačné oprávnenie podľa ustanovenia § 301 Obchodného zákonníka (ďalej aj „Obch. zák.“) a zmluvnú pokutu znížil o polovicu na sumu 5.000 € s tým, že ju možno pova|125184_MATCH_PARAGRAF_301_1Obdo_72_2019.pdf
124963|MATCH_KEYWORDS|1Obdo/23/2020|2020-11-24|2|1|ECLI:SK:NSSR:2020:4112224531.1|23 408,10 eur|JUDr. Miroslava Janečková|ch faktúr. Spornými skutočnosťami podstatnými pre rozhodnutie vo veci samej boli existencia dohody ohľadom uplatňovania zmluvnej pokuty a primeranosť jej výšky, ako aj primeranosť uplatnených úrokov z omeškania v súvislosti so zásadami poctivého obchodného styku. 11. P|124963_MATCH_KEYWORDS_1Obdo_23_2020.pdf
123984|MATCH_PARAGRAF_301|4Obdo/38/2020|2020-07-30|2|4|ECLI:SK:NSSR:2020:7811201291.2|500 000 eur s prísl.|JUDr. Alena Priecelová|sudku Ing. J. Škultétyho ohľadne uplatneného opčného kontraktu resp,, že nebol uplatnený platne. Súd s poukazom na ust. § 301 Obchodného zákonníka a na základe vykonaného dokazovania dospel k záveru, že zmluvnými stranami dohodnutá zmluvná pokut|123984_MATCH_PARAGRAF_301_4Obdo_38_2020.pdf
123760|MATCH_KEYWORDS|4Obdo/54/2019|2020-08-31|2|4|ECLI:SK:NSSR:2020:1408214109.1|65 528,51 eura s prísl.|JUDr. Gabriela Mederová|Slovenskej republiky ako i Českej republiky (viď sp. zn. 4Cdo/13/2009, 2Cdo/199/2005, ...). Zároveň mal za to, že výška zmluvnej pokuty je neprimeraná a nie je možný súbeh nároku na zmluvnú pokutu a úroku z omeškania, kedy sa súdy s touto skutočnosťou nevysporiadali. Zá|123760_MATCH_KEYWORDS_4Obdo_54_2019.pdf
123541|MATCH_KEYWORDS|5Obo/7/2019|2020-10-01|2|5|ECLI:SK:NSSR:2020:7017200182.1|vylúčenie veci z konkurznej podstaty|JUDr. Anna Marková|, že týmto vysporiadame dlhy....Neuznali sme Tajane úroky a penále v takej výške ako pôvodne boli. Považovali sme to za neprimerané a vtedy sme to vyrovnávali kúpnopredajnými zmluvami, dovtedy sme im uznali úroky a zmluvnú pokutu. Vždy sme vyrovnávali dlhy tak, že z majetku bardejovského vyrovnávali sme dlhy za Bardejov a z majetku svidníckeho za |123541_MATCH_KEYWORDS_5Obo_7_2019.pdf
122713|MATCH_KEYWORDS|4Obdo/74/2020|2021-03-30|2|4|ECLI:SK:NSSR:2021:4612204626.1|16 748,86 eur s prísl.|JUDr. Alena Priecelová|my 2.391,-- eur od 29. 11. 2011 (odkedy sa dostal do omeškania s plnením dlhu) do zaplatenia a na zaplatenie dohodnutej zmluvnej pokuty za omeškanie v zmysle článku X. Zmluvy o dielo č. XX/XX/XXX1, ktorú súd považoval za primeranú, a to vo výške 0,05 % za každý deň omeškania zo sumy 24.357,19 eur od 17. 11. 2011 do 26. 01. 2012 a vo výške 0,05 % za|122713_MATCH_KEYWORDS_4Obdo_74_2020.pdf
122552|MATCH_PARAGRAF_301|5Obdo/76/2020|2021-04-22|2|5|ECLI:SK:NSSR:2021:8111217289.1|4 231,95 eur zo zmenky s prísl.|JUDr. Andrea Moravčíková|dstavovali škodu, ktorá žalobcovi vznikla z dôvodu predčasného ukončenia leasingu zavineného žalovanou, pričom v zmysle § 301 Obchodného zákonníka môže súd neprimerane vysokú zmluvnú pokutu znížiť len do výšky škody, ktorá vznikla do doby súdneh|122552_MATCH_PARAGRAF_301_5Obdo_76_2020.pdf
