guid|sud|spisova_znacka|datum|file_name|file_type|odkazovane_predpisy
7bf13b3f-4285-4a96-97f9-a1792290a123:8fdbc6d0-08d9-4163-8525-1e7d54efc55a|Krajský súd Banská Bystrica|43Cob/513/2014|29.01.2015|KS_Bansk_ Bystrica_43Cob_513_2014.pdf|pdf|/SK/ZZ/1964/40;/SK/ZZ/1964/40/#paragraf-544.odsek-1;/SK/ZZ/1964/40/#paragraf-544.odsek-2;/SK/ZZ/1991/513;/SK/ZZ/1991/513/#paragraf-301;/SK/ZZ/1991/513/#paragraf-303;/SK/ZZ/1991/513/#paragraf-306
c93fd077-e99a-4042-9e79-cb599c4b99f0:7415d9f8-4242-4c47-9e7b-cfc2b1e2c909|Krajský súd Bratislava|2Cob/82/2015|08.03.2016|KS_Bratislava_2Cob_82_2015.pdf|pdf|/SK/ZZ/1991/513;/SK/ZZ/1991/513/#paragraf-265;/SK/ZZ/1991/513/#paragraf-409;/SK/ZZ/1991/513/#paragraf-301;/SK/ZZ/1963/99;/SK/ZZ/1963/99/#paragraf-219.odsek-1;/SK/ZZ/1963/99/#paragraf-219.odsek-2
a4c41dbc-4f44-4d5b-8813-969c2b58b5a1:00031908-c998-445b-a1e6-dea13b1db2a1|Krajský súd Banská Bystrica|43Cob/20/2016|10.03.2016|KS_Bansk_ Bystrica_43Cob_20_2016.pdf|pdf|/SK/ZZ/1991/513;/SK/ZZ/1991/513/#paragraf-301
e9ebc9b5-aaab-41ff-ae54-98c2c24bda09:8bd33cfb-c2a4-42f8-b643-e31ad2ce463b|Krajský súd Trenčín|8Cob/258/2014|26.10.2016|KS_Tren_n_8Cob_258_2014.pdf|pdf|/SK/ZZ/2015/160/#paragraf-387.odsek-1;/SK/ZZ/2015/160/#paragraf-387.odsek-2;/SK/ZZ/1991/513/#paragraf-301
51f3187b-1fdf-4317-9813-642bbd18aa81:63cb95ed-6bd7-4e7f-b1e5-a57b9024d8bb|Krajský súd Nitra|26Cob/52/2016|01.12.2016|KS_Nitra_26Cob_52_2016.pdf|pdf|/SK/ZZ/1991/513;/SK/ZZ/1991/513/#paragraf-551.odsek-1;/SK/ZZ/1991/513/#paragraf-301
4acda919-52f1-44b6-94fa-2ae8703ce61f:f917d3b1-9436-47cf-b154-7067d5c78cd2|Krajský súd Bratislava|2Cob/38/2016|23.05.2017|KS_Bratislava_2Cob_38_2016.pdf|pdf|/SK/ZZ/1991/513;/SK/ZZ/1991/513/#paragraf-536;/SK/ZZ/1991/513/#paragraf-300;/SK/ZZ/1991/513/#paragraf-301;/SK/ZZ/1964/40;/SK/ZZ/1964/40/#paragraf-544.odsek-1;/SK/ZZ/1964/40/#paragraf-544.odsek-2;/SK/ZZ/2015/160;/SK/ZZ/2015/160/#paragraf-387.odsek-1;/SK/ZZ/2015/160/#paragraf-387.odsek-2
6e7a43df-87cb-40ff-8008-b3f73fed29ab:6181a761-14a4-40b0-87ae-233662c30447|Krajský súd Trnava|21Cob/43/2019|26.11.2019|KS_Trnava_21Cob_43_2019.pdf|pdf|/SK/ZZ/1991/513/#paragraf-301;/SK/ZZ/1991/513/#paragraf-672a
1ccaa196-5710-40dc-8f51-2f996242cb5e:16e3e02c-c53b-4b59-91d8-f879ffec077e|Krajský súd Trnava|31Cob/104/2020|24.02.2022|KS_Trnava_31Cob_104_2020.pdf|pdf|/SK/ZZ/1991/513/#paragraf-536.odsek-1;/SK/ZZ/1991/513/#paragraf-554.odsek-1;/SK/ZZ/1991/513/#paragraf-554.odsek-6;/SK/ZZ/1991/513/#paragraf-555.odsek-2;/SK/ZZ/1991/513/#paragraf-301;/SK/ZZ/1964/40/#paragraf-544.odsek-1;/SK/ZZ/1964/40/#paragraf-544.odsek-2
3ee5e8c0-c014-46d8-a59f-75dd975efb56:676747c8-aa2a-4092-a786-8ee3ce418e15|Krajský súd Trenčín|8Cob/112/2021|22.06.2022|KS_Tren_n_8Cob_112_2021.pdf|pdf|/SK/ZZ/1991/513;/SK/ZZ/1991/513/#paragraf-261.odsek-1;/SK/ZZ/1991/513/#paragraf-301;/SK/ZZ/1964/40;/SK/ZZ/1964/40/#paragraf-675;/SK/ZZ/1964/40/#paragraf-544.odsek-1;/SK/ZZ/1964/40/#paragraf-544.odsek-2;/SK/ZZ/1990/116;/SK/ZZ/1990/116/#paragraf-3;/SK/ZZ/1990/116/#paragraf-5;/SK/ZZ/1990/116/#paragraf-7;/SK/ZZ/1990/116/#paragraf-8
574faf7d-955e-4856-b368-ded175ddd46b:616e6d2f-c276-4419-b875-78a78bf136e2|Krajský súd Trnava|32Cob/3/2021|28.06.2022|KS_Trnava_32Cob_3_2021.pdf|pdf|/SK/ZZ/1964/40/#paragraf-544.odsek-1;/SK/ZZ/1964/40/#paragraf-544.odsek-2;/SK/ZZ/1991/513/#paragraf-301;/SK/ZZ/1991/513/#paragraf-351.odsek-1
08abd36c-79c6-4770-9681-8655cd4d42d8:d1e39aa1-deb3-4805-aa31-9d0263569edc|Krajský súd Trenčín|8Cob/51/2022|26.07.2022|KS_Tren_n_8Cob_51_2022.pdf|pdf|/SK/ZZ/1991/513/#paragraf-301
e9438b5b-d101-4d88-a609-15581330be91:a3de2c2b-70cf-4719-b370-4dd2379e1d13|Krajský súd Trenčín|8Cob/11/2022|12.10.2022|KS_Tren_n_8Cob_11_2022.pdf|pdf|/SK/ZZ/1990/116;/SK/ZZ/1990/116/#paragraf-3.odsek-1;/SK/ZZ/1990/116/#paragraf-3.odsek-2;/SK/ZZ/1990/116/#paragraf-3.odsek-3;/SK/ZZ/1990/116/#paragraf-3.odsek-4;/SK/ZZ/1990/116/#paragraf-7;/SK/ZZ/1964/40;/SK/ZZ/1964/40/#paragraf-415;/SK/ZZ/1964/40/#paragraf-420.odsek-1;/SK/ZZ/1964/40/#paragraf-420.odsek-2;/SK/ZZ/1964/40/#paragraf-420.odsek-3;/SK/ZZ/1991/513;/SK/ZZ/1991/513/#paragraf-300;/SK/ZZ/1991/513/#paragraf-301;/SK/ZZ/1991/513/#paragraf-302
9c621936-67c8-4e90-9226-25f4c4a3eb74:2ad446ba-2806-4916-8103-16374060178b|Krajský súd Banská Bystrica|41Cob/31/2022|19.10.2022|KS_Bansk_ Bystrica_41Cob_31_2022.pdf|pdf|/SK/ZZ/1964/40;/SK/ZZ/1964/40/#paragraf-451.odsek-1;/SK/ZZ/1964/40/#paragraf-451.odsek-2;/SK/ZZ/1964/40/#paragraf-458.odsek-1;/SK/ZZ/1964/40/#paragraf-544.odsek-1;/SK/ZZ/1991/513;/SK/ZZ/1991/513/#paragraf-301
b7a318b4-d227-42f9-b751-38f160970c9b:3c4016c2-b764-4f63-b2e7-8ee510343543|Krajský súd Trnava|32Cob/34/2022|20.12.2022|KS_Trnava_32Cob_34_2022.pdf|pdf|/SK/ZZ/1991/513/#paragraf-497;/SK/ZZ/1991/513/#paragraf-499;/SK/ZZ/1991/513/#paragraf-407.odsek-1;/SK/ZZ/1991/513/#paragraf-407.odsek-2;/SK/ZZ/1991/513/#paragraf-407.odsek-3;/SK/ZZ/1991/513/#paragraf-407.odsek-4;/SK/ZZ/1991/513/#paragraf-369.odsek-1;/SK/ZZ/1991/513/#paragraf-369.odsek-2;/SK/ZZ/1991/513/#paragraf-300;/SK/ZZ/1991/513/#paragraf-301;/SK/ZZ/1964/40/#paragraf-544
2545d148-f4fd-4750-a95d-48dc673ac76f:6d2d9fbc-9126-4831-b7f0-ba8c37dfed75|Krajský súd Košice|4Cob/149/2022|25.01.2023|KS_Ko_ice_4Cob_149_2022.pdf|pdf|/SK/ZZ/1991/513/#paragraf-301;/SK/ZZ/1991/513/#paragraf-324;/SK/ZZ/1991/513/#paragraf-365;/SK/ZZ/1991/513/#paragraf-369
9b8514f0-e8f3-4a31-a4e2-007944b2a9e9:91528e1a-8b6c-4905-9346-43f9bb367dba|Krajský súd Košice|4Cob/148/2022|25.01.2023|KS_Ko_ice_4Cob_148_2022.pdf|pdf|/SK/ZZ/1991/513/#paragraf-369;/SK/ZZ/1991/513/#paragraf-365;/SK/ZZ/1991/513/#paragraf-324;/SK/ZZ/1991/513/#paragraf-301
9b8090d9-2c7d-40bd-9705-11afa80f00db:08c39f8a-61ef-4614-af67-ba71828ff01c|Krajský súd Banská Bystrica|43Cob/53/2023|07.08.2023|KS_Bansk_ Bystrica_43Cob_53_2023.pdf|pdf|/SK/ZZ/2015/160/#paragraf-363;/SK/ZZ/2015/160/#paragraf-365.odsek-1;/SK/ZZ/2015/160/#paragraf-365.odsek-3;/SK/ZZ/2015/160/#paragraf-373.odsek-1;/SK/ZZ/2015/160/#paragraf-386;/SK/ZZ/1991/513/#paragraf-301
3e4d1fbe-19b0-4aa6-a565-465002c505a9:3e9007ce-1306-42d4-a450-b6b9b8c2d29e|Krajský súd Banská Bystrica|43CoPv/10/2023|14.09.2023|KS_Bansk_ Bystrica_43CoPv_10_2023.pdf|pdf|/SK/ZZ/1991/513;/SK/ZZ/1991/513/#paragraf-301;/SK/ZZ/1991/513/#paragraf-672a
5c736256-444e-49c1-9dd8-8087a6f5b9e1:f59dd21c-0a24-4b56-a832-98e93126e1d1|Krajský súd Banská Bystrica|42Cob/18/2023|24.01.2024|KS_Bansk_ Bystrica_42Cob_18_2023.pdf|pdf|/SK/ZZ/1964/40;/SK/ZZ/1964/40/#paragraf-544;/SK/ZZ/1991/513;/SK/ZZ/1991/513/#paragraf-301
59adda13-4338-41a6-87c0-e22186cbeb6e:75c39bb4-b700-4c42-98d3-3027a8b290f4|Krajský súd Bratislava|2Cob/60/2023|11.06.2024|KS_Bratislava_2Cob_60_2023.pdf|pdf|/SK/ZZ/1991/513/#paragraf-301;/SK/ZZ/2015/160/#paragraf-387.odsek-1;/SK/ZZ/2015/160/#paragraf-387.odsek-2;/SK/ZZ/2015/160/#paragraf-389.odsek-1.pismeno-b;/SK/ZZ/2015/160/#paragraf-389.odsek-1.pismeno-c
9c865ad9-2184-4d58-a3ba-b0aaf2bb39b4:8c720d1e-24a0-450f-a430-00e8f9d56e26|Krajský súd Banská Bystrica|42Cob/51/2024|15.08.2024|KS_Bansk_ Bystrica_42Cob_51_2024.pdf|pdf|/SK/ZZ/1964/40;/SK/ZZ/1964/40/#paragraf-544.odsek-1;/SK/ZZ/1964/40/#paragraf-544.odsek-2;/SK/ZZ/1964/40/#paragraf-667.odsek-1;/SK/ZZ/1991/513;/SK/ZZ/1991/513/#paragraf-301;/SK/ZZ/1991/513/#paragraf-358
2d5388c0-3c48-4355-bd73-a1de1efb8934:e6b44bf6-8f00-4122-befe-e4a767cf0c9a|Krajský súd Košice|4Cob/181/2023|29.10.2024|KS_Ko_ice_4Cob_181_2023.pdf|pdf|/SK/ZZ/1991/513/#paragraf-536;/SK/ZZ/1991/513/#paragraf-548;/SK/ZZ/1991/513/#paragraf-301;/SK/ZZ/1991/513/#paragraf-265;/SK/ZZ/1964/40/#paragraf-39;/SK/ZZ/1964/40/#paragraf-544
a7be6c8b-cb3f-4661-a5ca-9bfb39c13804:a9e8092f-5305-4082-a426-d452301d8556|Krajský súd Banská Bystrica|43Cob/75/2024|12.02.2025|KS_Bansk_ Bystrica_43Cob_75_2024.pdf|pdf|/SK/ZZ/1964/40/#paragraf-544.odsek-1;/SK/ZZ/1964/40/#paragraf-544.odsek-2;/SK/ZZ/1964/40/#paragraf-420;/SK/ZZ/1991/513/#paragraf-269.odsek-2;/SK/ZZ/1991/513/#paragraf-301
05d41c05-7141-4993-96d0-f3fa3122f8d6:d24b7a0d-c029-4441-a6bb-d11ea5aa3529|Krajský súd Košice|4Cob/116/2023|26.03.2025|KS_Ko_ice_4Cob_116_2023.pdf|pdf|/SK/ZZ/1991/513/#paragraf-261;/SK/ZZ/1991/513/#paragraf-630;/SK/ZZ/1991/513/#paragraf-634;/SK/ZZ/1991/513/#paragraf-633;/SK/ZZ/1991/513/#paragraf-301;/SK/ZZ/1991/513/#paragraf-365;/SK/ZZ/1991/513/#paragraf-369
d577d902-1e61-4e4f-87de-4d9df1b78e6b:c554d8a5-c90b-4eb6-9e69-bb4cca6c2d12|Krajský súd Košice|4Cob/55/2024|29.04.2025|KS_Ko_ice_4Cob_55_2024.pdf|pdf|/SK/ZZ/1991/513/#paragraf-261;/SK/ZZ/1991/513/#paragraf-301;/SK/ZZ/1991/513/#paragraf-373;/SK/ZZ/1991/513/#paragraf-536;/SK/ZZ/1991/513/#paragraf-546;/SK/ZZ/1991/513/#paragraf-562;/SK/ZZ/1964/40/#paragraf-544;/SK/ZZ/1964/40/#paragraf-520
65dad165-0798-4d9e-a4b1-508f1a1bccb4:f79d24e1-980d-4b26-a9d4-40ef9cd430a6|Krajský súd Banská Bystrica|43Cob/72/2025|07.08.2025|KS_Bansk_ Bystrica_43Cob_72_2025.pdf|pdf|/SK/ZZ/1991/513/#paragraf-365.odsek-1;/SK/ZZ/1991/513/#paragraf-369.odsek-2;/SK/ZZ/1991/513/#paragraf-301
3c40d305-0cff-4803-aeb4-13cd426275a4:cc546a5a-3ce5-4a9d-a921-b2f8495d4654|Krajský súd Banská Bystrica|42Cob/94/2024|09.09.2025|KS_Bansk_ Bystrica_42Cob_94_2024.pdf|pdf|/SK/ZZ/1991/513/#paragraf-269.odsek-2;/SK/ZZ/1991/513/#paragraf-301;/SK/ZZ/1991/513/#paragraf-345
bd44d020-ea5d-421e-9e7f-f38f77dd8716:8fafc8e8-0e61-4ce2-8dbe-fcfd14607f11|Krajský súd Banská Bystrica|41Cob/3/2025|10.09.2025|KS_Bansk_ Bystrica_41Cob_3_2025.pdf|pdf|/SK/ZZ/2015/160/#paragraf-370;/SK/ZZ/2015/160/#paragraf-387;/SK/ZZ/1991/513/#paragraf-301
