filename,rel_path,case_id,court,date,eda_label,est_tokens
KS_Banská_Bystrica_35Cbi_59_2006_00_dokument.pdf,data/01_raw_pdfs/35Cbi_59_2006/KS_Banská_Bystrica_35Cbi_59_2006_00_dokument.pdf,35Cbi/59/2006,KS Banská Bystrica,2012-06-04,1_GOLD_MODERATION,5879
KS_Bratislava_4CoZm_2_2018_00_dokument.pdf,data/01_raw_pdfs/4CoZm_2_2018/KS_Bratislava_4CoZm_2_2018_00_dokument.pdf,B5-1CbZm/453/2014,KS Bratislava,2018-11-29,1_GOLD_MODERATION,11117
KS_Trnava_31Cob_64_2011_00_dokument.pdf,data/01_raw_pdfs/31Cob_64_2011/KS_Trnava_31Cob_64_2011_00_dokument.pdf,31Cob/64/2011,KS Trnava,2011-12-20,1_GOLD_MODERATION,2865
KS_Trnava_21Cob_41_2011_00_dokument.pdf,data/01_raw_pdfs/21Cob_41_2011/KS_Trnava_21Cob_41_2011_00_dokument.pdf,PN-10Cb/39/2009,KS Trnava,2011-10-25,1_GOLD_MODERATION,4041
KS_Nitra_15Cob_70_2022_00_dokument.pdf,data/01_raw_pdfs/15Cob_70_2022/KS_Nitra_15Cob_70_2022_00_dokument.pdf,15Cob/70/2022,KS Nitra,2023-07-25,1_GOLD_MODERATION,8805
KS_Žilina_13Cob_7_2017_00_dokument.pdf,data/01_raw_pdfs/13Cob_7_2017/KS_Žilina_13Cob_7_2017_00_dokument.pdf,13Cob/7/2017,KS Žilina,2017-06-28,1_GOLD_MODERATION,9626
KS_Prešov_1Cob_20_2012_00_dokument.pdf,data/01_raw_pdfs/1Cob_20_2012/KS_Prešov_1Cob_20_2012_00_dokument.pdf,1Cob/20/2012,KS Prešov,2013-01-30,1_GOLD_MODERATION,6814
KS_Bratislava_1Cob_117_2020_00_dokument.pdf,data/01_raw_pdfs/1Cob_117_2020/KS_Bratislava_1Cob_117_2020_00_dokument.pdf,B1-33Cb/152/2008,KS Bratislava,2023-01-26,3_PENALTY_NO_MODERATION,12670
KS_Nitra_26Cob_39_2012_00_dokument.pdf,data/01_raw_pdfs/26Cob_39_2012/KS_Nitra_26Cob_39_2012_00_dokument.pdf,26Cob/39/2012,KS Nitra,2012-06-14,4_CIVIL_NOISE_LIKELY,5996
KS_Bratislava_1Cob_298_2015_00_dokument.pdf,data/01_raw_pdfs/1Cob_298_2015/KS_Bratislava_1Cob_298_2015_00_dokument.pdf,B2-22Cb/100/2011,KS Bratislava,2017-02-02,1_GOLD_MODERATION,3081
NS_SR_4Obdo_96_2021_00_dokument.pdf,data/01_raw_pdfs/4Obdo_96_2021/NS_SR_4Obdo_96_2021_00_dokument.pdf,4Obdo/96/2021,NS SR,2022-09-30,1_GOLD_MODERATION,9596
KS_Banská_Bystrica_43Cob_53_2023_00_dokument.pdf,data/01_raw_pdfs/43Cob_53_2023/KS_Banská_Bystrica_43Cob_53_2023_00_dokument.pdf,43Cob/53/2023,KS Banská Bystrica,2023-08-07,1_GOLD_MODERATION,10428
KS_Košice_2Cob_35_2015_00_dokument.pdf,data/01_raw_pdfs/2Cob_35_2015/KS_Košice_2Cob_35_2015_00_dokument.pdf,2Cob/35/2015,KS Košice,2015-10-20,1_GOLD_MODERATION,5961
KS_Bratislava_1CoZm_36_2016_00_dokument.pdf,data/01_raw_pdfs/1CoZm_36_2016/KS_Bratislava_1CoZm_36_2016_00_dokument.pdf,B5-1CbZm/794/2015,KS Bratislava,2016-11-24,1_GOLD_MODERATION,10628
KS_Trenčín_8Cob_82_2011_00_dokument.pdf,data/01_raw_pdfs/8Cob_82_2011/KS_Trenčín_8Cob_82_2011_00_dokument.pdf,BN-5Cb/26/2010,KS Trenčín,2012-02-29,1_GOLD_MODERATION,2282
KS_Košice_4Cob_149_2022_00_dokument.pdf,data/01_raw_pdfs/4Cob_149_2022/KS_Košice_4Cob_149_2022_00_dokument.pdf,4Cob/149/2022,KS Košice,2023-01-25,1_GOLD_MODERATION,9890
KS_Žilina_14Cob_132_2019_00_dokument.pdf,data/01_raw_pdfs/14Cob_132_2019/KS_Žilina_14Cob_132_2019_00_dokument.pdf,14Cob/132/2019,KS Žilina,2019-10-24,1_GOLD_MODERATION,11064
KS_Košice_4Cob_95_2012_00_dokument.pdf,data/01_raw_pdfs/4Cob_95_2012/KS_Košice_4Cob_95_2012_00_dokument.pdf,K2-34Cb/203/2010,KS Košice,2013-02-27,1_GOLD_MODERATION,6662
KS_Bratislava_1Cob_187_2015_00_dokument.pdf,data/01_raw_pdfs/1Cob_187_2015/KS_Bratislava_1Cob_187_2015_00_dokument.pdf,1Cob/187/2015,KS Bratislava,2016-10-06,3_PENALTY_NO_MODERATION,4184
KS_Trnava_32Cob_34_2022_00_dokument.pdf,data/01_raw_pdfs/32Cob_34_2022/KS_Trnava_32Cob_34_2022_00_dokument.pdf,32Cob/34/2022,KS Trnava,2022-12-20,1_GOLD_MODERATION,14718
KS_Banská_Bystrica_43Cob_20_2016_00_dokument.pdf,data/01_raw_pdfs/43Cob_20_2016/KS_Banská_Bystrica_43Cob_20_2016_00_dokument.pdf,43Cob/20/2016,KS Banská Bystrica,2016-03-10,3_PENALTY_NO_MODERATION,5162
KS_Bratislava_2CoKR_71_2013_00_dokument.pdf,data/01_raw_pdfs/2CoKR_71_2013/KS_Bratislava_2CoKR_71_2013_00_dokument.pdf,B1-1Cbi/53/2008,KS Bratislava,2014-08-28,1_GOLD_MODERATION,9795
KS_Bratislava_4Cob_57_2015_00_dokument.pdf,data/01_raw_pdfs/4Cob_57_2015/KS_Bratislava_4Cob_57_2015_00_dokument.pdf,4Cob/57/2015,KS Bratislava,2017-04-13,1_GOLD_MODERATION,4840
KS_Bratislava_4Cob_216_2015_00_dokument.pdf,data/01_raw_pdfs/4Cob_216_2015/KS_Bratislava_4Cob_216_2015_00_dokument.pdf,4Cob/216/2015,KS Bratislava,2016-11-03,3_PENALTY_NO_MODERATION,6052
KS_Žilina_14Cob_109_2017_00_dokument.pdf,data/01_raw_pdfs/14Cob_109_2017/KS_Žilina_14Cob_109_2017_00_dokument.pdf,14Cob/109/2017,KS Žilina,2018-10-11,1_GOLD_MODERATION,27672
KS_Banská_Bystrica_42Cob_94_2024_00_dokument.pdf,data/01_raw_pdfs/42Cob_94_2024/KS_Banská_Bystrica_42Cob_94_2024_00_dokument.pdf,42Cob/94/2024,KS Banská Bystrica,2025-09-09,3_PENALTY_NO_MODERATION,16698
KS_Bratislava_3Cob_122_2018_00_dokument.pdf,data/01_raw_pdfs/3Cob_122_2018/KS_Bratislava_3Cob_122_2018_00_dokument.pdf,B2-22Cb/259/2016,KS Bratislava,2018-10-24,1_GOLD_MODERATION,6274
KS_Žilina_13Cob_323_2012_00_dokument.pdf,data/01_raw_pdfs/13Cob_323_2012/KS_Žilina_13Cob_323_2012_00_dokument.pdf,13Cob/323/2012,KS Žilina,2013-03-13,1_GOLD_MODERATION,10705
KS_Košice_4Cob_148_2022_00_dokument.pdf,data/01_raw_pdfs/4Cob_148_2022/KS_Košice_4Cob_148_2022_00_dokument.pdf,4Cob/148/2022,KS Košice,2023-01-25,1_GOLD_MODERATION,9827
KS_Prešov_6Cob_18_2017_00_dokument.pdf,data/01_raw_pdfs/6Cob_18_2017/KS_Prešov_6Cob_18_2017_00_dokument.pdf,KK-8Cb/53/2015,KS Prešov,2018-05-31,1_GOLD_MODERATION,7369
KS_Košice_3Cob_239_2012_00_dokument.pdf,data/01_raw_pdfs/3Cob_239_2012/KS_Košice_3Cob_239_2012_00_dokument.pdf,3Cob/239/2012,KS Košice,2013-09-30,1_GOLD_MODERATION,5939
KS_Košice_4Cob_144_2015_00_dokument.pdf,data/01_raw_pdfs/4Cob_144_2015/KS_Košice_4Cob_144_2015_00_dokument.pdf,4Cob/144/2015,KS Košice,2016-03-18,1_GOLD_MODERATION,5817
KS_Košice_3Cob_219_2023_00_dokument.pdf,data/01_raw_pdfs/3Cob_219_2023/KS_Košice_3Cob_219_2023_00_dokument.pdf,3Cob/219/2023,KS Košice,2025-07-31,1_GOLD_MODERATION,8183
KS_Bratislava_4Cob_204_2018_00_dokument.pdf,data/01_raw_pdfs/4Cob_204_2018/KS_Bratislava_4Cob_204_2018_00_dokument.pdf,B2-42Cb/133/2016,KS Bratislava,2019-03-21,1_GOLD_MODERATION,15610
KS_Bratislava_3Cob_464_2012_00_dokument.pdf,data/01_raw_pdfs/3Cob_464_2012/KS_Bratislava_3Cob_464_2012_00_dokument.pdf,3Cob/464/2012,KS Bratislava,2014-01-29,1_GOLD_MODERATION,3883
KS_Banská_Bystrica_41Cob_154_2013_00_dokument.pdf,data/01_raw_pdfs/41Cob_154_2013/KS_Banská_Bystrica_41Cob_154_2013_00_dokument.pdf,41Cob/154/2013,KS Banská Bystrica,2013-12-30,1_GOLD_MODERATION,5233
KS_Prešov_6Cob_59_2018_00_dokument.pdf,data/01_raw_pdfs/6Cob_59_2018/KS_Prešov_6Cob_59_2018_00_dokument.pdf,6Cob/59/2018,KS Prešov,2019-07-16,1_GOLD_MODERATION,4042
KS_Žilina_14Cob_85_2021_00_dokument.pdf,data/01_raw_pdfs/14Cob_85_2021/KS_Žilina_14Cob_85_2021_00_dokument.pdf,14Cob/85/2021,KS Žilina,2021-11-25,1_GOLD_MODERATION,14410
KS_Bratislava_1CoZm_72_2015_00_dokument.pdf,data/01_raw_pdfs/1CoZm_72_2015/KS_Bratislava_1CoZm_72_2015_00_dokument.pdf,B5-3CbZm/379/2014,KS Bratislava,2016-08-25,1_GOLD_MODERATION,4712
KS_Bratislava_4CoZm_3_2020_00_dokument.pdf,data/01_raw_pdfs/4CoZm_3_2020/KS_Bratislava_4CoZm_3_2020_00_dokument.pdf,B5-3CbZm/840/2015,KS Bratislava,2020-10-29,1_GOLD_MODERATION,6018
KS_Žilina_13Cob_196_2015_00_dokument.pdf,data/01_raw_pdfs/13Cob_196_2015/KS_Žilina_13Cob_196_2015_00_dokument.pdf,DK-8Cb/3/2014,KS Žilina,2015-11-18,1_GOLD_MODERATION,9071
NS_SR_5Obdo_14_2023_00_dokument.pdf,data/01_raw_pdfs/5Obdo_14_2023/NS_SR_5Obdo_14_2023_00_dokument.pdf,5Obdo/14/2023,NS SR,2024-04-25,1_GOLD_MODERATION,21625
KS_Košice_3Cob_224_2014_00_dokument.pdf,data/01_raw_pdfs/3Cob_224_2014/KS_Košice_3Cob_224_2014_00_dokument.pdf,3Cob/224/2014,KS Košice,2015-08-31,1_GOLD_MODERATION,6234
KS_Nitra_15Cob_25_2021_00_dokument.pdf,data/01_raw_pdfs/15Cob_25_2021/KS_Nitra_15Cob_25_2021_00_dokument.pdf,15Cob/25/2021,KS Nitra,2021-06-22,1_GOLD_MODERATION,5328
KS_Banská_Bystrica_41Cob_73_2023_00_dokument.pdf,data/01_raw_pdfs/41Cob_73_2023/KS_Banská_Bystrica_41Cob_73_2023_00_dokument.pdf,PB-14Cb/204/2017,KS Banská Bystrica,2024-04-24,1_GOLD_MODERATION,21851
KS_Prešov_4Cob_62_2020_00_dokument.pdf,data/01_raw_pdfs/4Cob_62_2020/KS_Prešov_4Cob_62_2020_00_dokument.pdf,4Cob/62/2020,KS Prešov,2021-02-11,4_CIVIL_NOISE_LIKELY,6390
KS_Trenčín_16Cob_112_2013_00_dokument.pdf,data/01_raw_pdfs/16Cob_112_2013/KS_Trenčín_16Cob_112_2013_00_dokument.pdf,NM-8Cb/39/2012,KS Trenčín,2013-08-21,1_GOLD_MODERATION,6872
KS_Banská_Bystrica_43Cob_130_2013_00_dokument.pdf,data/01_raw_pdfs/43Cob_130_2013/KS_Banská_Bystrica_43Cob_130_2013_00_dokument.pdf,43Cob/130/2013,KS Banská Bystrica,2013-12-19,1_GOLD_MODERATION,7036
KS_Nitra_26Cob_87_2013_00_dokument.pdf,data/01_raw_pdfs/26Cob_87_2013/KS_Nitra_26Cob_87_2013_00_dokument.pdf,26Cob/87/2013,KS Nitra,2014-04-24,1_GOLD_MODERATION,5746
KS_Prešov_3Cob_53_2011_00_dokument.pdf,data/01_raw_pdfs/3Cob_53_2011/KS_Prešov_3Cob_53_2011_00_dokument.pdf,3Cob/53/2011,KS Prešov,2011-11-29,3_PENALTY_NO_MODERATION,3420
KS_Košice_2Cob_153_2014_00_dokument.pdf,data/01_raw_pdfs/2Cob_153_2014/KS_Košice_2Cob_153_2014_00_dokument.pdf,2Cob/153/2014,KS Košice,2014-11-28,1_GOLD_MODERATION,8118
NS_SR_3Obdo_11_2019_00_dokument.pdf,data/01_raw_pdfs/3Obdo_11_2019/NS_SR_3Obdo_11_2019_00_dokument.pdf,3Obdo/11/2019,NS SR,2019-07-17,1_GOLD_MODERATION,7890
KS_Košice_3Cob_41_2013_00_dokument.pdf,data/01_raw_pdfs/3Cob_41_2013/KS_Košice_3Cob_41_2013_00_dokument.pdf,3Cob/41/2013,KS Košice,2013-08-27,1_GOLD_MODERATION,4988
KS_Prešov_3Cob_45_2011_00_dokument.pdf,data/01_raw_pdfs/3Cob_45_2011/KS_Prešov_3Cob_45_2011_00_dokument.pdf,3Cob/45/2011,KS Prešov,2011-10-27,3_PENALTY_NO_MODERATION,3495
KS_Košice_4Cob_196_2023_00_dokument.pdf,data/01_raw_pdfs/4Cob_196_2023/KS_Košice_4Cob_196_2023_00_dokument.pdf,K2-30Cb/29/2020,KS Košice,2025-03-26,1_GOLD_MODERATION,5095
KS_Bratislava_1Cob_47_2022_00_dokument.pdf,data/01_raw_pdfs/1Cob_47_2022/KS_Bratislava_1Cob_47_2022_00_dokument.pdf,B2-23Cb/161/2015,KS Bratislava,2023-03-30,1_GOLD_MODERATION,23959
KS_Trenčín_8Cob_38_2012_00_dokument.pdf,data/01_raw_pdfs/8Cob_38_2012/KS_Trenčín_8Cob_38_2012_00_dokument.pdf,BN-5Cb/22/2010,KS Trenčín,2013-03-20,1_GOLD_MODERATION,2947
NS_SR_1Obdo_72_2019_00_dokument.pdf,data/01_raw_pdfs/1Obdo_72_2019/NS_SR_1Obdo_72_2019_00_dokument.pdf,1Obdo/72/2019,NS SR,2020-09-29,1_GOLD_MODERATION,8589
KS_Trnava_31Cob_19_2018_00_dokument.pdf,data/01_raw_pdfs/31Cob_19_2018/KS_Trnava_31Cob_19_2018_00_dokument.pdf,PN-12C/193/2014,KS Trnava,2019-03-26,1_GOLD_MODERATION,10104
KS_Prešov_4Cob_2_2017_00_dokument.pdf,data/01_raw_pdfs/4Cob_2_2017/KS_Prešov_4Cob_2_2017_00_dokument.pdf,4Cob/2/2017,KS Prešov,2017-11-14,4_CIVIL_NOISE_LIKELY,4127
NS_SR_4Obo_24_2015_00_dokument.pdf,data/01_raw_pdfs/4Obo_24_2015/NS_SR_4Obo_24_2015_00_dokument.pdf,4Obo/24/2015,NS SR,2017-01-30,3_PENALTY_NO_MODERATION,15998
KS_Banská_Bystrica_43Cob_75_2024_00_dokument.pdf,data/01_raw_pdfs/43Cob_75_2024/KS_Banská_Bystrica_43Cob_75_2024_00_dokument.pdf,43Cob/75/2024,KS Banská Bystrica,2025-02-12,1_GOLD_MODERATION,26545
KS_Nitra_15Cob_16_2012_00_dokument.pdf,data/01_raw_pdfs/15Cob_16_2012/KS_Nitra_15Cob_16_2012_00_dokument.pdf,15Cob/16/2012,KS Nitra,2012-03-21,1_GOLD_MODERATION,1654
KS_Prešov_7Cob_64_2013_00_dokument.pdf,data/01_raw_pdfs/7Cob_64_2013/KS_Prešov_7Cob_64_2013_00_dokument.pdf,7Cob/64/2013,KS Prešov,2014-02-26,1_GOLD_MODERATION,5533
KS_Trenčín_16Cob_78_2013_00_dokument.pdf,data/01_raw_pdfs/16Cob_78_2013/KS_Trenčín_16Cob_78_2013_00_dokument.pdf,16Cob/78/2013,KS Trenčín,2014-02-26,1_GOLD_MODERATION,6784
KS_Trenčín_16Cob_11_2011_00_dokument.pdf,data/01_raw_pdfs/16Cob_11_2011/KS_Trenčín_16Cob_11_2011_00_dokument.pdf,16Cob/11/2011,KS Trenčín,2012-10-31,1_GOLD_MODERATION,3108
KS_Bratislava_1Cob_130_2019_00_dokument.pdf,data/01_raw_pdfs/1Cob_130_2019/KS_Bratislava_1Cob_130_2019_00_dokument.pdf,1Cob/130/2019,KS Bratislava,2020-06-18,1_GOLD_MODERATION,7099
KS_Trnava_21Cob_11_2020_00_dokument.pdf,data/01_raw_pdfs/21Cob_11_2020/KS_Trnava_21Cob_11_2020_00_dokument.pdf,PN-6Cb/8/2008,KS Trnava,2020-06-30,3_PENALTY_NO_MODERATION,11078
KS_Prešov_5Cob_93_2016_00_dokument.pdf,data/01_raw_pdfs/5Cob_93_2016/KS_Prešov_5Cob_93_2016_00_dokument.pdf,5Cob/93/2016,KS Prešov,2018-04-26,1_GOLD_MODERATION,4433
KS_Nitra_26Cob_69_2014_00_dokument.pdf,data/01_raw_pdfs/26Cob_69_2014/KS_Nitra_26Cob_69_2014_00_dokument.pdf,26Cob/69/2014,KS Nitra,2014-06-30,1_GOLD_MODERATION,1674
KS_Košice_4Cob_181_2023_00_dokument.pdf,data/01_raw_pdfs/4Cob_181_2023/KS_Košice_4Cob_181_2023_00_dokument.pdf,K2-36Cb/44/2016,KS Košice,2024-10-29,1_GOLD_MODERATION,7796
KS_Banská_Bystrica_42Cob_51_2024_00_dokument.pdf,data/01_raw_pdfs/42Cob_51_2024/KS_Banská_Bystrica_42Cob_51_2024_00_dokument.pdf,42Cob/51/2024,KS Banská Bystrica,2024-08-15,1_GOLD_MODERATION,18035
KS_Žilina_14Cob_21_2019_00_dokument.pdf,data/01_raw_pdfs/14Cob_21_2019/KS_Žilina_14Cob_21_2019_00_dokument.pdf,RK-5Cb/12/2014,KS Žilina,2019-09-26,1_GOLD_MODERATION,31595
KS_Košice_2Cob_216_2013_00_dokument.pdf,data/01_raw_pdfs/2Cob_216_2013/KS_Košice_2Cob_216_2013_00_dokument.pdf,2Cob/216/2013,KS Košice,2014-06-20,4_CIVIL_NOISE_LIKELY,4627
KS_Prešov_7Cob_44_2014_00_dokument.pdf,data/01_raw_pdfs/7Cob_44_2014/KS_Prešov_7Cob_44_2014_00_dokument.pdf,7Cob/44/2014,KS Prešov,2014-10-16,1_GOLD_MODERATION,3455
NS_SR_1Obdo_66_2018_00_dokument.pdf,data/01_raw_pdfs/1Obdo_66_2018/NS_SR_1Obdo_66_2018_00_dokument.pdf,1Obdo/66/2018,NS SR,2019-09-25,1_GOLD_MODERATION,6027
KS_Nitra_15Cob_31_2019_00_dokument.pdf,data/01_raw_pdfs/15Cob_31_2019/KS_Nitra_15Cob_31_2019_00_dokument.pdf,15Cob/31/2019,KS Nitra,2019-10-15,1_GOLD_MODERATION,5166
KS_Trenčín_8Cob_200_2011_00_dokument.pdf,data/01_raw_pdfs/8Cob_200_2011/KS_Trenčín_8Cob_200_2011_00_dokument.pdf,PB-8Cb/28/2015,KS Trenčín,2012-10-30,1_GOLD_MODERATION,5856
KS_Košice_4Cob_116_2023_00_dokument.pdf,data/01_raw_pdfs/4Cob_116_2023/KS_Košice_4Cob_116_2023_00_dokument.pdf,4Cob/116/2023,KS Košice,2025-03-26,1_GOLD_MODERATION,12408
KS_Bratislava_3Cob_26_2021_00_dokument.pdf,data/01_raw_pdfs/3Cob_26_2021/KS_Bratislava_3Cob_26_2021_00_dokument.pdf,3Cob/26/2021,KS Bratislava,2022-09-28,1_GOLD_MODERATION,7947
KS_Žilina_14Cob_124_2012_00_dokument.pdf,data/01_raw_pdfs/14Cob_124_2012/KS_Žilina_14Cob_124_2012_00_dokument.pdf,14Cob/124/2012,KS Žilina,2012-11-05,1_GOLD_MODERATION,6300
KS_Trnava_32Cob_3_2021_00_dokument.pdf,data/01_raw_pdfs/32Cob_3_2021/KS_Trnava_32Cob_3_2021_00_dokument.pdf,32Cob/3/2021,KS Trnava,2022-06-28,1_GOLD_MODERATION,8271
KS_Prešov_3Cob_3_2012_00_dokument.pdf,data/01_raw_pdfs/3Cob_3_2012/KS_Prešov_3Cob_3_2012_00_dokument.pdf,3Cob/3/2012,KS Prešov,2012-04-10,3_PENALTY_NO_MODERATION,3954
NS_SR_2Obdo_57_2021_00_dokument.pdf,data/01_raw_pdfs/2Obdo_57_2021/NS_SR_2Obdo_57_2021_00_dokument.pdf,2Obdo/57/2021,NS SR,2022-05-31,3_PENALTY_NO_MODERATION,15303
KS_Bratislava_13Cbi_38_2004_00_dokument.pdf,data/01_raw_pdfs/13Cbi_38_2004/KS_Bratislava_13Cbi_38_2004_00_dokument.pdf,13Cbi/38/2004,KS Bratislava,2006-12-12,1_GOLD_MODERATION,6581
KS_Bratislava_5Cob_216_2024_00_dokument.pdf,data/01_raw_pdfs/5Cob_216_2024/KS_Bratislava_5Cob_216_2024_00_dokument.pdf,5Cob/216/2024,KS Bratislava,2024-11-27,1_GOLD_MODERATION,3911
KS_Nitra_26Cob_54_2019_00_dokument.pdf,data/01_raw_pdfs/26Cob_54_2019/KS_Nitra_26Cob_54_2019_00_dokument.pdf,26Cob/54/2019,KS Nitra,2019-12-05,4_CIVIL_NOISE_LIKELY,15500
KS_Prešov_4Cob_83_2011_00_dokument.pdf,data/01_raw_pdfs/4Cob_83_2011/KS_Prešov_4Cob_83_2011_00_dokument.pdf,4Cob/83/2011,KS Prešov,2012-01-17,1_GOLD_MODERATION,6428
KS_Bratislava_1Cob_40_2018_00_dokument.pdf,data/01_raw_pdfs/1Cob_40_2018/KS_Bratislava_1Cob_40_2018_00_dokument.pdf,B2-22Cb/100/2011,KS Bratislava,2019-06-13,1_GOLD_MODERATION,6897
KS_Košice_4Cob_77_2017_00_dokument.pdf,data/01_raw_pdfs/4Cob_77_2017/KS_Košice_4Cob_77_2017_00_dokument.pdf,4Cob/77/2017,KS Košice,2017-08-09,1_GOLD_MODERATION,3459
KS_Trenčín_8Cob_64_2011_00_dokument.pdf,data/01_raw_pdfs/8Cob_64_2011/KS_Trenčín_8Cob_64_2011_00_dokument.pdf,BN-3Cb/27/2010,KS Trenčín,2012-01-26,1_GOLD_MODERATION,2510
KS_Košice_2Cob_174_2011_00_dokument.pdf,data/01_raw_pdfs/2Cob_174_2011/KS_Košice_2Cob_174_2011_00_dokument.pdf,2Cob/174/2011,KS Košice,2012-03-29,1_GOLD_MODERATION,3304
KS_Nitra_15Cob_7_2013_00_dokument.pdf,data/01_raw_pdfs/15Cob_7_2013/KS_Nitra_15Cob_7_2013_00_dokument.pdf,15Cob/7/2013,KS Nitra,2013-04-24,1_GOLD_MODERATION,3700
KS_Banská_Bystrica_41Cob_31_2022_00_dokument.pdf,data/01_raw_pdfs/41Cob_31_2022/KS_Banská_Bystrica_41Cob_31_2022_00_dokument.pdf,BR-2Cb/8/2020,KS Banská Bystrica,2022-10-19,1_GOLD_MODERATION,15542
KS_Nitra_26Cob_22_2018_00_dokument.pdf,data/01_raw_pdfs/26Cob_22_2018/KS_Nitra_26Cob_22_2018_00_dokument.pdf,B1-24Ro/315/2010,KS Nitra,2018-11-29,3_PENALTY_NO_MODERATION,10072
KS_Banská_Bystrica_41Cob_42_2010_00_dokument.pdf,data/01_raw_pdfs/41Cob_42_2010/KS_Banská_Bystrica_41Cob_42_2010_00_dokument.pdf,41Cob/42/2010,KS Banská Bystrica,2011-12-21,1_GOLD_MODERATION,15456
KS_Bratislava_4Cob_16_2018_00_dokument.pdf,data/01_raw_pdfs/4Cob_16_2018/KS_Bratislava_4Cob_16_2018_00_dokument.pdf,B1-31Cb/158/2015,KS Bratislava,2019-05-30,1_GOLD_MODERATION,6856
KS_Žilina_13Cob_53_2016_00_dokument.pdf,data/01_raw_pdfs/13Cob_53_2016/KS_Žilina_13Cob_53_2016_00_dokument.pdf,13Cob/53/2016,KS Žilina,2016-06-29,1_GOLD_MODERATION,8699
KS_Banská_Bystrica_41Cob_3_2025_00_dokument.pdf,data/01_raw_pdfs/41Cob_3_2025/KS_Banská_Bystrica_41Cob_3_2025_00_dokument.pdf,CA-16C/38/2022,KS Banská Bystrica,2025-09-10,1_GOLD_MODERATION,10345
KS_Bratislava_1Cob_287_2014_00_dokument.pdf,data/01_raw_pdfs/1Cob_287_2014/KS_Bratislava_1Cob_287_2014_00_dokument.pdf,B2-26Cb/55/2013,KS Bratislava,2016-11-28,1_GOLD_MODERATION,7330
KS_Trenčín_8Cob_112_2021_00_dokument.pdf,data/01_raw_pdfs/8Cob_112_2021/KS_Trenčín_8Cob_112_2021_00_dokument.pdf,8Cob/112/2021,KS Trenčín,2022-06-22,1_GOLD_MODERATION,16590
KS_Prešov_6CoZm_1_2019_00_dokument.pdf,data/01_raw_pdfs/6CoZm_1_2019/KS_Prešov_6CoZm_1_2019_00_dokument.pdf,6CoZm/1/2019,KS Prešov,2020-01-30,1_GOLD_MODERATION,9360
KS_Bratislava_2Cob_38_2016_00_dokument.pdf,data/01_raw_pdfs/2Cob_38_2016/KS_Bratislava_2Cob_38_2016_00_dokument.pdf,B1-52Ro/477/2014,KS Bratislava,2017-05-23,1_GOLD_MODERATION,6211
KS_Prešov_3Cob_46_2018_00_dokument.pdf,data/01_raw_pdfs/3Cob_46_2018/KS_Prešov_3Cob_46_2018_00_dokument.pdf,3Cob/46/2018,KS Prešov,2018-11-08,1_GOLD_MODERATION,7702
KS_Nitra_26CoKR_5_2016_00_dokument.pdf,data/01_raw_pdfs/26CoKR_5_2016/KS_Nitra_26CoKR_5_2016_00_dokument.pdf,26CoKR/5/2016,KS Nitra,2016-06-29,1_GOLD_MODERATION,1659
KS_Košice_4Cob_12_2024_00_dokument.pdf,data/01_raw_pdfs/4Cob_12_2024/KS_Košice_4Cob_12_2024_00_dokument.pdf,4Cob/12/2024,KS Košice,2025-04-29,1_GOLD_MODERATION,12068
KS_Trnava_31Cob_128_2020_00_dokument.pdf,data/01_raw_pdfs/31Cob_128_2020/KS_Trnava_31Cob_128_2020_00_dokument.pdf,31Cob/128/2020,KS Trnava,2022-01-12,1_GOLD_MODERATION,5891
KS_Trenčín_16Cob_67_2012_00_dokument.pdf,data/01_raw_pdfs/16Cob_67_2012/KS_Trenčín_16Cob_67_2012_00_dokument.pdf,16Cob/67/2012,KS Trenčín,2013-07-31,1_GOLD_MODERATION,4814
KS_Bratislava_3Cob_183_2016_00_dokument.pdf,data/01_raw_pdfs/3Cob_183_2016/KS_Bratislava_3Cob_183_2016_00_dokument.pdf,B2-42Cb/126/2014,KS Bratislava,2018-03-21,1_GOLD_MODERATION,4285
KS_Prešov_7Cob_61_2022_00_dokument.pdf,data/01_raw_pdfs/7Cob_61_2022/KS_Prešov_7Cob_61_2022_00_dokument.pdf,7Cob/61/2022,KS Prešov,2022-10-20,3_PENALTY_NO_MODERATION,3728
KS_Banská_Bystrica_43Cob_30_2023_00_dokument.pdf,data/01_raw_pdfs/43Cob_30_2023/KS_Banská_Bystrica_43Cob_30_2023_00_dokument.pdf,43Cob/30/2023,KS Banská Bystrica,2023-07-27,1_GOLD_MODERATION,21011
KS_Banská_Bystrica_41Cob_256_2016_00_dokument.pdf,data/01_raw_pdfs/41Cob_256_2016/KS_Banská_Bystrica_41Cob_256_2016_00_dokument.pdf,41Cob/256/2016,KS Banská Bystrica,2017-11-29,1_GOLD_MODERATION,19783
KS_Banská_Bystrica_43Cob_513_2014_00_dokument.pdf,data/01_raw_pdfs/43Cob_513_2014/KS_Banská_Bystrica_43Cob_513_2014_00_dokument.pdf,43Cob/513/2014,KS Banská Bystrica,2015-01-29,1_GOLD_MODERATION,5501
KS_Trnava_21Cob_109_2020_00_dokument.pdf,data/01_raw_pdfs/21Cob_109_2020/KS_Trnava_21Cob_109_2020_00_dokument.pdf,SI-9Cb/3/2018,KS Trnava,2021-05-18,1_GOLD_MODERATION,11183
KS_Bratislava_2Cob_186_2017_00_dokument.pdf,data/01_raw_pdfs/2Cob_186_2017/KS_Bratislava_2Cob_186_2017_00_dokument.pdf,B2-22Cb/442/2015,KS Bratislava,2018-07-10,1_GOLD_MODERATION,10096
KS_Prešov_2Cob_37_2013_00_dokument.pdf,data/01_raw_pdfs/2Cob_37_2013/KS_Prešov_2Cob_37_2013_00_dokument.pdf,2Cob/37/2013,KS Prešov,2013-11-21,3_PENALTY_NO_MODERATION,5694
KS_Košice_4Cob_35_2023_00_dokument.pdf,data/01_raw_pdfs/4Cob_35_2023/KS_Košice_4Cob_35_2023_00_dokument.pdf,4Cob/35/2023,KS Košice,2023-08-08,3_PENALTY_NO_MODERATION,7119
KS_Trnava_31Cob_104_2020_00_dokument.pdf,data/01_raw_pdfs/31Cob_104_2020/KS_Trnava_31Cob_104_2020_00_dokument.pdf,31Cob/104/2020,KS Trnava,2022-02-24,1_GOLD_MODERATION,19446
KS_Bratislava_5Cob_51_2023_00_dokument.pdf,data/01_raw_pdfs/5Cob_51_2023/KS_Bratislava_5Cob_51_2023_00_dokument.pdf,5Cob/51/2023,KS Bratislava,2024-07-30,3_PENALTY_NO_MODERATION,10673
KS_Trenčín_8Cob_51_2022_00_dokument.pdf,data/01_raw_pdfs/8Cob_51_2022/KS_Trenčín_8Cob_51_2022_00_dokument.pdf,NM-8Cb/8/2020,KS Trenčín,2022-07-26,1_GOLD_MODERATION,8532
KS_Košice_4Cob_122_2011_00_dokument.pdf,data/01_raw_pdfs/4Cob_122_2011/KS_Košice_4Cob_122_2011_00_dokument.pdf,4Cob/122/2011,KS Košice,2012-02-22,1_GOLD_MODERATION,4612
KS_Prešov_3Cob_57_2016_00_dokument.pdf,data/01_raw_pdfs/3Cob_57_2016/KS_Prešov_3Cob_57_2016_00_dokument.pdf,3Cob/57/2016,KS Prešov,2018-04-26,4_CIVIL_NOISE_LIKELY,3430
KS_Bratislava_2Cob_33_2021_00_dokument.pdf,data/01_raw_pdfs/2Cob_33_2021/KS_Bratislava_2Cob_33_2021_00_dokument.pdf,B2-26Cb/55/2013,KS Bratislava,2021-06-15,1_GOLD_MODERATION,6908
KS_Bratislava_2Cob_60_2023_00_dokument.pdf,data/01_raw_pdfs/2Cob_60_2023/KS_Bratislava_2Cob_60_2023_00_dokument.pdf,B1-32Cb/93/2016,KS Bratislava,2024-06-11,1_GOLD_MODERATION,12448
KS_Trnava_21Cob_43_2019_00_dokument.pdf,data/01_raw_pdfs/21Cob_43_2019/KS_Trnava_21Cob_43_2019_00_dokument.pdf,SI-9Cb/3/2018,KS Trnava,2019-11-26,1_GOLD_MODERATION,3937
KS_Bratislava_2Cob_344_2016_00_dokument.pdf,data/01_raw_pdfs/2Cob_344_2016/KS_Bratislava_2Cob_344_2016_00_dokument.pdf,B1-31Cb/166/2013,KS Bratislava,2017-05-25,1_GOLD_MODERATION,2678
KS_Trnava_31CoZm_4_2022_00_dokument.pdf,data/01_raw_pdfs/31CoZm_4_2022/KS_Trnava_31CoZm_4_2022_00_dokument.pdf,31CoZm/4/2022,KS Trnava,2023-04-18,1_GOLD_MODERATION,13321
KS_Nitra_26Cob_52_2016_00_dokument.pdf,data/01_raw_pdfs/26Cob_52_2016/KS_Nitra_26Cob_52_2016_00_dokument.pdf,26Cob/52/2016,KS Nitra,2016-12-01,1_GOLD_MODERATION,6341
KS_Bratislava_3Cob_94_2018_00_dokument.pdf,data/01_raw_pdfs/3Cob_94_2018/KS_Bratislava_3Cob_94_2018_00_dokument.pdf,3Cob/94/2018,KS Bratislava,2019-05-22,1_GOLD_MODERATION,3226
KS_Bratislava_2Cob_69_2020_00_dokument.pdf,data/01_raw_pdfs/2Cob_69_2020/KS_Bratislava_2Cob_69_2020_00_dokument.pdf,B2-42Cb/17/2018,KS Bratislava,2023-02-14,1_GOLD_MODERATION,16216
KS_Košice_3Cob_116_2021_00_dokument.pdf,data/01_raw_pdfs/3Cob_116_2021/KS_Košice_3Cob_116_2021_00_dokument.pdf,3Cob/116/2021,KS Košice,2021-12-28,1_GOLD_MODERATION,6098
KS_Prešov_2Cob_28_2020_00_dokument.pdf,data/01_raw_pdfs/2Cob_28_2020/KS_Prešov_2Cob_28_2020_00_dokument.pdf,2Cob/28/2020,KS Prešov,2021-03-25,1_GOLD_MODERATION,10000
KS_Bratislava_2Cob_294_2011_00_dokument.pdf,data/01_raw_pdfs/2Cob_294_2011/KS_Bratislava_2Cob_294_2011_00_dokument.pdf,2Cob/294/2011,KS Bratislava,2013-02-19,1_GOLD_MODERATION,4305
KS_Košice_4Cob_55_2024_00_dokument.pdf,data/01_raw_pdfs/4Cob_55_2024/KS_Košice_4Cob_55_2024_00_dokument.pdf,SK-6Cb/7/2022,KS Košice,2025-04-29,1_GOLD_MODERATION,7911
KS_Banská_Bystrica_41Cob_13_2020_00_dokument.pdf,data/01_raw_pdfs/41Cob_13_2020/KS_Banská_Bystrica_41Cob_13_2020_00_dokument.pdf,41Cob/13/2020,KS Banská Bystrica,2020-11-18,1_GOLD_MODERATION,20422
KS_Trenčín_8Cob_11_2022_00_dokument.pdf,data/01_raw_pdfs/8Cob_11_2022/KS_Trenčín_8Cob_11_2022_00_dokument.pdf,NM-9Cb/25/2019,KS Trenčín,2022-10-12,3_PENALTY_NO_MODERATION,12810
KS_Banská_Bystrica_43CoPv_10_2023_00_dokument.pdf,data/01_raw_pdfs/43CoPv_10_2023/KS_Banská_Bystrica_43CoPv_10_2023_00_dokument.pdf,43CoPv/10/2023,KS Banská Bystrica,2023-09-14,1_GOLD_MODERATION,13462
KS_Nitra_26Cob_135_2012_00_dokument.pdf,data/01_raw_pdfs/26Cob_135_2012/KS_Nitra_26Cob_135_2012_00_dokument.pdf,26Cob/135/2012,KS Nitra,2013-02-28,1_GOLD_MODERATION,3362
KS_Žilina_14Cob_150_2020_00_dokument.pdf,data/01_raw_pdfs/14Cob_150_2020/KS_Žilina_14Cob_150_2020_00_dokument.pdf,14Cob/150/2020,KS Žilina,2021-05-27,1_GOLD_MODERATION,10981
KS_Žilina_13Cob_128_2017_00_dokument.pdf,data/01_raw_pdfs/13Cob_128_2017/KS_Žilina_13Cob_128_2017_00_dokument.pdf,13Cob/128/2017,KS Žilina,2018-01-24,1_GOLD_MODERATION,16507
KS_Banská_Bystrica_42Cob_18_2023_00_dokument.pdf,data/01_raw_pdfs/42Cob_18_2023/KS_Banská_Bystrica_42Cob_18_2023_00_dokument.pdf,PB-14Cb/41/2022,KS Banská Bystrica,2024-01-24,1_GOLD_MODERATION,11879
KS_Bratislava_2Cob_82_2015_00_dokument.pdf,data/01_raw_pdfs/2Cob_82_2015/KS_Bratislava_2Cob_82_2015_00_dokument.pdf,B2-26Cb/60/2013,KS Bratislava,2016-03-08,1_GOLD_MODERATION,5118
KS_Bratislava_3Cob_387_2013_00_dokument.pdf,data/01_raw_pdfs/3Cob_387_2013/KS_Bratislava_3Cob_387_2013_00_dokument.pdf,3Cob/387/2013,KS Bratislava,2014-10-22,3_PENALTY_NO_MODERATION,2711
KS_Prešov_4Cob_84_2020_00_dokument.pdf,data/01_raw_pdfs/4Cob_84_2020/KS_Prešov_4Cob_84_2020_00_dokument.pdf,4Cob/84/2020,KS Prešov,2021-02-11,1_GOLD_MODERATION,5056
KS_Trenčín_8Cob_258_2014_00_dokument.pdf,data/01_raw_pdfs/8Cob_258_2014/KS_Trenčín_8Cob_258_2014_00_dokument.pdf,NM-9Cb/113/2013,KS Trenčín,2016-10-26,1_GOLD_MODERATION,6546
KS_Žilina_14Cob_202_2019_00_dokument.pdf,data/01_raw_pdfs/14Cob_202_2019/KS_Žilina_14Cob_202_2019_00_dokument.pdf,14Cob/202/2019,KS Žilina,2020-06-25,1_GOLD_MODERATION,24508
NS_SR_1Obdo_7_2020_00_dokument.pdf,data/01_raw_pdfs/1Obdo_7_2020/NS_SR_1Obdo_7_2020_00_dokument.pdf,1Obdo/7/2020,NS SR,2020-08-24,3_PENALTY_NO_MODERATION,5876
KS_Trenčín_8Cob_74_2011_00_dokument.pdf,data/01_raw_pdfs/8Cob_74_2011/KS_Trenčín_8Cob_74_2011_00_dokument.pdf,BN-3Cb/38/2010,KS Trenčín,2012-01-26,1_GOLD_MODERATION,2376
KS_Nitra_26Cob_28_2017_00_dokument.pdf,data/01_raw_pdfs/26Cob_28_2017/KS_Nitra_26Cob_28_2017_00_dokument.pdf,26Cob/28/2017,KS Nitra,2018-01-25,1_GOLD_MODERATION,3224
KS_Prešov_5Cob_11_2022_00_dokument.pdf,data/01_raw_pdfs/5Cob_11_2022/KS_Prešov_5Cob_11_2022_00_dokument.pdf,5Cob/11/2022,KS Prešov,2022-06-21,1_GOLD_MODERATION,5701
KS_Bratislava_2Cob_140_2023_00_dokument.pdf,data/01_raw_pdfs/2Cob_140_2023/KS_Bratislava_2Cob_140_2023_00_dokument.pdf,2Cob/140/2023,KS Bratislava,2025-04-15,1_GOLD_MODERATION,16342
KS_Bratislava_1Cob_93_2016_00_dokument.pdf,data/01_raw_pdfs/1Cob_93_2016/KS_Bratislava_1Cob_93_2016_00_dokument.pdf,1Cob/93/2016,KS Bratislava,2017-10-26,3_PENALTY_NO_MODERATION,4836
